env: load .env
env: export EXPO_PUBLIC_SUPABASE_URL EXPO_PUBLIC_SUPABASE_ANON_KEY
Starting project at C:\Users\jenny\app\shadow-wallet
Starting Metro Bundler
Waiting on http://localhost:8083
Logs for your project will appear below.
Web Bundled 2461ms index.ts (1452 modules)
Web .\index.ts ▓▓▓▓▓▓▓▓▓▓▓▓▓▓▓░ 98.4% (1440/1452)
 LOG  [web] Logs will appear in the browser console
Web .\index.ts ░░░░░░░░░░░░░░░░  0.0% (0/1)
Web Bundled 119ms index.ts (1 module)
 LOG  [web] Logs will appear in the browser console
Web .\index.ts ░░░░░░░░░░░░░░░░  0.0% (0/1)
Web Bundled 128ms index.ts (1 module)
 LOG  [web] Logs will appear in the browser console
Web .\index.ts ░░░░░░░░░░░░░░░░  0.0% (0/1)
Web Bundled 157ms index.ts (1 module)
 LOG  [web] Logs will appear in the browser console
Web .\index.ts ░░░░░░░░░░░░░░░░  0.0% (0/1)
Web Bundled 138ms index.ts (1 module)
 LOG  [web] Logs will appear in the browser console
Web .\index.ts ░░░░░░░░░░░░░░░░  0.0% (0/1)
Web Bundled 120ms index.ts (1 module)
 LOG  [web] Logs will appear in the browser console
Web .\index.ts ░░░░░░░░░░░░░░░░  0.0% (0/1)
Web Bundled 159ms index.ts (1 module)
 LOG  [web] Logs will appear in the browser console
Web .\index.ts ░░░░░░░░░░░░░░░░  0.0% (0/1)
Web Bundled 136ms index.ts (1 module)
 LOG  [web] Logs will appear in the browser console
Web .\index.ts ░░░░░░░░░░░░░░░░  0.0% (0/1)
Web Bundled 132ms index.ts (1 module)
 LOG  [web] Logs will appear in the browser console
Web .\index.ts ░░░░░░░░░░░░░░░░  0.0% (0/1)
Web Bundled 137ms index.ts (1 module)
 LOG  [web] Logs will appear in the browser console
Web .\index.ts ░░░░░░░░░░░░░░░░  0.0% (0/1)
Web Bundled 894ms index.ts (1 module)
 LOG  [web] Logs will appear in the browser console
 ERROR  SyntaxError: C:\Users\jenny\app\shadow-wallet\src\screens\child\HomeScreen.tsx: Unexpected token, expected "," (1262:2)

  1260 |     fontVariant: ['tabular-nums'],
  1261 |   }
> 1262 |   emptyState: {
       |   ^
  1263 |     alignItems: 'center',
  1264 |     paddingVertical: 26,
  1265 |     backgroundColor: HOME.card,
    at constructor (C:\Users\jenny\app\shadow-wallet\node_modules\@babel\parser\lib\index.js:365:19)
    at TypeScriptParserMixin.raise (C:\Users\jenny\app\shadow-wallet\node_modules\@babel\parser\lib\index.js:6616:19)
    at TypeScriptParserMixin.unexpected (C:\Users\jenny\app\shadow-wallet\node_modules\@babel\parser\lib\index.js:6636:16)
    at TypeScriptParserMixin.expect (C:\Users\jenny\app\shadow-wallet\node_modules\@babel\parser\lib\index.js:6916:12)
    at TypeScriptParserMixin.parseObjectLike (C:\Users\jenny\app\shadow-wallet\node_modules\@babel\parser\lib\index.js:11839:14)
    at TypeScriptParserMixin.parseExprAtom (C:\Users\jenny\app\shadow-wallet\node_modules\@babel\parser\lib\index.js:11356:23)
    at TypeScriptParserMixin.parseExprAtom (C:\Users\jenny\app\shadow-wallet\node_modules\@babel\parser\lib\index.js:4776:20)
    at TypeScriptParserMixin.parseExprSubscripts (C:\Users\jenny\app\shadow-wallet\node_modules\@babel\parser\lib\index.js:11098:23)
    at TypeScriptParserMixin.parseUpdate (C:\Users\jenny\app\shadow-wallet\node_modules\@babel\parser\lib\index.js:11083:21)
    at TypeScriptParserMixin.parseMaybeUnary (C:\Users\jenny\app\shadow-wallet\node_modules\@babel\parser\lib\index.js:11063:23)
    at TypeScriptParserMixin.parseMaybeUnary (C:\Users\jenny\app\shadow-wallet\node_modules\@babel\parser\lib\index.js:9854:18)
    at TypeScriptParserMixin.parseMaybeUnaryOrPrivate (C:\Users\jenny\app\shadow-wallet\node_modules\@babel\parser\lib\index.js:10916:61)
    at TypeScriptParserMixin.parseExprOps (C:\Users\jenny\app\shadow-wallet\node_modules\@babel\parser\lib\index.js:10921:23)
    at TypeScriptParserMixin.parseMaybeConditional (C:\Users\jenny\app\shadow-wallet\node_modules\@babel\parser\lib\index.js:10898:23)
    at TypeScriptParserMixin.parseMaybeAssign (C:\Users\jenny\app\shadow-wallet\node_modules\@babel\parser\lib\index.js:10848:21)
    at TypeScriptParserMixin.parseMaybeAssign (C:\Users\jenny\app\shadow-wallet\node_modules\@babel\parser\lib\index.js:9803:20)
    at C:\Users\jenny\app\shadow-wallet\node_modules\@babel\parser\lib\index.js:10817:39
    at TypeScriptParserMixin.allowInAnd (C:\Users\jenny\app\shadow-wallet\node_modules\@babel\parser\lib\index.js:12443:12)
    at TypeScriptParserMixin.parseMaybeAssignAllowIn (C:\Users\jenny\app\shadow-wallet\node_modules\@babel\parser\lib\index.js:10817:17)
    at TypeScriptParserMixin.parseMaybeAssignAllowInOrVoidPattern (C:\Users\jenny\app\shadow-wallet\node_modules\@babel\parser\lib\index.js:12510:17)
    at TypeScriptParserMixin.parseExprListItem (C:\Users\jenny\app\shadow-wallet\node_modules\@babel\parser\lib\index.js:12192:18)
    at TypeScriptParserMixin.parseCallExpressionArguments (C:\Users\jenny\app\shadow-wallet\node_modules\@babel\parser\lib\index.js:11269:22)
    at TypeScriptParserMixin.parseCoverCallAndAsyncArrowHead (C:\Users\jenny\app\shadow-wallet\node_modules\@babel\parser\lib\index.js:11203:29)
    at TypeScriptParserMixin.parseSubscript (C:\Users\jenny\app\shadow-wallet\node_modules\@babel\parser\lib\index.js:11137:19)
    at TypeScriptParserMixin.parseSubscript (C:\Users\jenny\app\shadow-wallet\node_modules\@babel\parser\lib\index.js:9289:18)
    at TypeScriptParserMixin.parseSubscripts (C:\Users\jenny\app\shadow-wallet\node_modules\@babel\parser\lib\index.js:11111:19)
    at TypeScriptParserMixin.parseExprSubscripts (C:\Users\jenny\app\shadow-wallet\node_modules\@babel\parser\lib\index.js:11102:17)
    at TypeScriptParserMixin.parseUpdate (C:\Users\jenny\app\shadow-wallet\node_modules\@babel\parser\lib\index.js:11083:21)
    at TypeScriptParserMixin.parseMaybeUnary (C:\Users\jenny\app\shadow-wallet\node_modules\@babel\parser\lib\index.js:11063:23)
    at TypeScriptParserMixin.parseMaybeUnary (C:\Users\jenny\app\shadow-wallet\node_modules\@babel\parser\lib\index.js:9854:18)
    at TypeScriptParserMixin.parseMaybeUnaryOrPrivate (C:\Users\jenny\app\shadow-wallet\node_modules\@babel\parser\lib\index.js:10916:61)
    at TypeScriptParserMixin.parseExprOps (C:\Users\jenny\app\shadow-wallet\node_modules\@babel\parser\lib\index.js:10921:23)
    at TypeScriptParserMixin.parseMaybeConditional (C:\Users\jenny\app\shadow-wallet\node_modules\@babel\parser\lib\index.js:10898:23)
    at TypeScriptParserMixin.parseMaybeAssign (C:\Users\jenny\app\shadow-wallet\node_modules\@babel\parser\lib\index.js:10848:21)
    at TypeScriptParserMixin.parseMaybeAssign (C:\Users\jenny\app\shadow-wallet\node_modules\@babel\parser\lib\index.js:9803:20)
    at C:\Users\jenny\app\shadow-wallet\node_modules\@babel\parser\lib\index.js:10817:39
    at TypeScriptParserMixin.allowInAnd (C:\Users\jenny\app\shadow-wallet\node_modules\@babel\parser\lib\index.js:12438:16)
    at TypeScriptParserMixin.parseMaybeAssignAllowIn (C:\Users\jenny\app\shadow-wallet\node_modules\@babel\parser\lib\index.js:10817:17)
    at TypeScriptParserMixin.parseVar (C:\Users\jenny\app\shadow-wallet\node_modules\@babel\parser\lib\index.js:13401:91)
    at TypeScriptParserMixin.parseVarStatement (C:\Users\jenny\app\shadow-wallet\node_modules\@babel\parser\lib\index.js:13247:10)
    at TypeScriptParserMixin.parseVarStatement (C:\Users\jenny\app\shadow-wallet\node_modules\@babel\parser\lib\index.js:9425:31)
    at TypeScriptParserMixin.parseStatementContent (C:\Users\jenny\app\shadow-wallet\node_modules\@babel\parser\lib\index.js:12868:23)
    at TypeScriptParserMixin.parseStatementContent (C:\Users\jenny\app\shadow-wallet\node_modules\@babel\parser\lib\index.js:9525:18)
    at TypeScriptParserMixin.parseStatementLike (C:\Users\jenny\app\shadow-wallet\node_modules\@babel\parser\lib\index.js:12784:17)
    at TypeScriptParserMixin.parseModuleItem (C:\Users\jenny\app\shadow-wallet\node_modules\@babel\parser\lib\index.js:12761:17)
    at TypeScriptParserMixin.parseBlockOrModuleBlockBody (C:\Users\jenny\app\shadow-wallet\node_modules\@babel\parser\lib\index.js:13333:36)
    at TypeScriptParserMixin.parseBlockBody (C:\Users\jenny\app\shadow-wallet\node_modules\@babel\parser\lib\index.js:13326:10)
    at TypeScriptParserMixin.parseProgram (C:\Users\jenny\app\shadow-wallet\node_modules\@babel\parser\lib\index.js:12639:10)
    at TypeScriptParserMixin.parseTopLevel (C:\Users\jenny\app\shadow-wallet\node_modules\@babel\parser\lib\index.js:12629:25)
    at TypeScriptParserMixin.parse (C:\Users\jenny\app\shadow-wallet\node_modules\@babel\parser\lib\index.js:14505:25)
Web .\index.ts ░░░░░░░░░░░░░░░░  0.0% (0/1)
Web Bundling failed 40ms index.ts (1 module)
 ERROR  SyntaxError: C:\Users\jenny\app\shadow-wallet\src\screens\child\HomeScreen.tsx: Unexpected token, expected "," (1262:2)

  1260 |     fontVariant: ['tabular-nums'],
  1261 |   }
> 1262 |   emptyState: {
       |   ^
  1263 |     alignItems: 'center',
  1264 |     paddingVertical: 26,
  1265 |     backgroundColor: HOME.card,
    at constructor (C:\Users\jenny\app\shadow-wallet\node_modules\@babel\parser\lib\index.js:365:19)
    at TypeScriptParserMixin.raise (C:\Users\jenny\app\shadow-wallet\node_modules\@babel\parser\lib\index.js:6616:19)
    at TypeScriptParserMixin.unexpected (C:\Users\jenny\app\shadow-wallet\node_modules\@babel\parser\lib\index.js:6636:16)
    at TypeScriptParserMixin.expect (C:\Users\jenny\app\shadow-wallet\node_modules\@babel\parser\lib\index.js:6916:12)
    at TypeScriptParserMixin.parseObjectLike (C:\Users\jenny\app\shadow-wallet\node_modules\@babel\parser\lib\index.js:11839:14)
    at TypeScriptParserMixin.parseExprAtom (C:\Users\jenny\app\shadow-wallet\node_modules\@babel\parser\lib\index.js:11356:23)
    at TypeScriptParserMixin.parseExprAtom (C:\Users\jenny\app\shadow-wallet\node_modules\@babel\parser\lib\index.js:4776:20)
    at TypeScriptParserMixin.parseExprSubscripts (C:\Users\jenny\app\shadow-wallet\node_modules\@babel\parser\lib\index.js:11098:23)
    at TypeScriptParserMixin.parseUpdate (C:\Users\jenny\app\shadow-wallet\node_modules\@babel\parser\lib\index.js:11083:21)
    at TypeScriptParserMixin.parseMaybeUnary (C:\Users\jenny\app\shadow-wallet\node_modules\@babel\parser\lib\index.js:11063:23)
    at TypeScriptParserMixin.parseMaybeUnary (C:\Users\jenny\app\shadow-wallet\node_modules\@babel\parser\lib\index.js:9854:18)
    at TypeScriptParserMixin.parseMaybeUnaryOrPrivate (C:\Users\jenny\app\shadow-wallet\node_modules\@babel\parser\lib\index.js:10916:61)
    at TypeScriptParserMixin.parseExprOps (C:\Users\jenny\app\shadow-wallet\node_modules\@babel\parser\lib\index.js:10921:23)
    at TypeScriptParserMixin.parseMaybeConditional (C:\Users\jenny\app\shadow-wallet\node_modules\@babel\parser\lib\index.js:10898:23)
    at TypeScriptParserMixin.parseMaybeAssign (C:\Users\jenny\app\shadow-wallet\node_modules\@babel\parser\lib\index.js:10848:21)
    at TypeScriptParserMixin.parseMaybeAssign (C:\Users\jenny\app\shadow-wallet\node_modules\@babel\parser\lib\index.js:9803:20)
    at C:\Users\jenny\app\shadow-wallet\node_modules\@babel\parser\lib\index.js:10817:39
    at TypeScriptParserMixin.allowInAnd (C:\Users\jenny\app\shadow-wallet\node_modules\@babel\parser\lib\index.js:12443:12)
    at TypeScriptParserMixin.parseMaybeAssignAllowIn (C:\Users\jenny\app\shadow-wallet\node_modules\@babel\parser\lib\index.js:10817:17)
    at TypeScriptParserMixin.parseMaybeAssignAllowInOrVoidPattern (C:\Users\jenny\app\shadow-wallet\node_modules\@babel\parser\lib\index.js:12510:17)
    at TypeScriptParserMixin.parseExprListItem (C:\Users\jenny\app\shadow-wallet\node_modules\@babel\parser\lib\index.js:12192:18)
    at TypeScriptParserMixin.parseCallExpressionArguments (C:\Users\jenny\app\shadow-wallet\node_modules\@babel\parser\lib\index.js:11269:22)
    at TypeScriptParserMixin.parseCoverCallAndAsyncArrowHead (C:\Users\jenny\app\shadow-wallet\node_modules\@babel\parser\lib\index.js:11203:29)
    at TypeScriptParserMixin.parseSubscript (C:\Users\jenny\app\shadow-wallet\node_modules\@babel\parser\lib\index.js:11137:19)
    at TypeScriptParserMixin.parseSubscript (C:\Users\jenny\app\shadow-wallet\node_modules\@babel\parser\lib\index.js:9289:18)
    at TypeScriptParserMixin.parseSubscripts (C:\Users\jenny\app\shadow-wallet\node_modules\@babel\parser\lib\index.js:11111:19)
    at TypeScriptParserMixin.parseExprSubscripts (C:\Users\jenny\app\shadow-wallet\node_modules\@babel\parser\lib\index.js:11102:17)
    at TypeScriptParserMixin.parseUpdate (C:\Users\jenny\app\shadow-wallet\node_modules\@babel\parser\lib\index.js:11083:21)
    at TypeScriptParserMixin.parseMaybeUnary (C:\Users\jenny\app\shadow-wallet\node_modules\@babel\parser\lib\index.js:11063:23)
    at TypeScriptParserMixin.parseMaybeUnary (C:\Users\jenny\app\shadow-wallet\node_modules\@babel\parser\lib\index.js:9854:18)
    at TypeScriptParserMixin.parseMaybeUnaryOrPrivate (C:\Users\jenny\app\shadow-wallet\node_modules\@babel\parser\lib\index.js:10916:61)
    at TypeScriptParserMixin.parseExprOps (C:\Users\jenny\app\shadow-wallet\node_modules\@babel\parser\lib\index.js:10921:23)
    at TypeScriptParserMixin.parseMaybeConditional (C:\Users\jenny\app\shadow-wallet\node_modules\@babel\parser\lib\index.js:10898:23)
    at TypeScriptParserMixin.parseMaybeAssign (C:\Users\jenny\app\shadow-wallet\node_modules\@babel\parser\lib\index.js:10848:21)
    at TypeScriptParserMixin.parseMaybeAssign (C:\Users\jenny\app\shadow-wallet\node_modules\@babel\parser\lib\index.js:9803:20)
    at C:\Users\jenny\app\shadow-wallet\node_modules\@babel\parser\lib\index.js:10817:39
    at TypeScriptParserMixin.allowInAnd (C:\Users\jenny\app\shadow-wallet\node_modules\@babel\parser\lib\index.js:12438:16)
    at TypeScriptParserMixin.parseMaybeAssignAllowIn (C:\Users\jenny\app\shadow-wallet\node_modules\@babel\parser\lib\index.js:10817:17)
    at TypeScriptParserMixin.parseVar (C:\Users\jenny\app\shadow-wallet\node_modules\@babel\parser\lib\index.js:13401:91)
    at TypeScriptParserMixin.parseVarStatement (C:\Users\jenny\app\shadow-wallet\node_modules\@babel\parser\lib\index.js:13247:10)
    at TypeScriptParserMixin.parseVarStatement (C:\Users\jenny\app\shadow-wallet\node_modules\@babel\parser\lib\index.js:9425:31)
    at TypeScriptParserMixin.parseStatementContent (C:\Users\jenny\app\shadow-wallet\node_modules\@babel\parser\lib\index.js:12868:23)
    at TypeScriptParserMixin.parseStatementContent (C:\Users\jenny\app\shadow-wallet\node_modules\@babel\parser\lib\index.js:9525:18)
    at TypeScriptParserMixin.parseStatementLike (C:\Users\jenny\app\shadow-wallet\node_modules\@babel\parser\lib\index.js:12784:17)
    at TypeScriptParserMixin.parseModuleItem (C:\Users\jenny\app\shadow-wallet\node_modules\@babel\parser\lib\index.js:12761:17)
    at TypeScriptParserMixin.parseBlockOrModuleBlockBody (C:\Users\jenny\app\shadow-wallet\node_modules\@babel\parser\lib\index.js:13333:36)
    at TypeScriptParserMixin.parseBlockBody (C:\Users\jenny\app\shadow-wallet\node_modules\@babel\parser\lib\index.js:13326:10)
    at TypeScriptParserMixin.parseProgram (C:\Users\jenny\app\shadow-wallet\node_modules\@babel\parser\lib\index.js:12639:10)
    at TypeScriptParserMixin.parseTopLevel (C:\Users\jenny\app\shadow-wallet\node_modules\@babel\parser\lib\index.js:12629:25)
    at TypeScriptParserMixin.parse (C:\Users\jenny\app\shadow-wallet\node_modules\@babel\parser\lib\index.js:14505:25)
Web .\index.ts ░░░░░░░░░░░░░░░░  0.0% (0/1)
Web Bundling failed 40ms index.ts (1 module)
 ERROR  SyntaxError: C:\Users\jenny\app\shadow-wallet\src\screens\child\HomeScreen.tsx: Unexpected token, expected "," (1262:2)

  1260 |     fontVariant: ['tabular-nums'],
  1261 |   }
> 1262 |   emptyState: {
       |   ^
  1263 |     alignItems: 'center',
  1264 |     paddingVertical: 26,
  1265 |     backgroundColor: HOME.card,
    at constructor (C:\Users\jenny\app\shadow-wallet\node_modules\@babel\parser\lib\index.js:365:19)
    at TypeScriptParserMixin.raise (C:\Users\jenny\app\shadow-wallet\node_modules\@babel\parser\lib\index.js:6616:19)
    at TypeScriptParserMixin.unexpected (C:\Users\jenny\app\shadow-wallet\node_modules\@babel\parser\lib\index.js:6636:16)
    at TypeScriptParserMixin.expect (C:\Users\jenny\app\shadow-wallet\node_modules\@babel\parser\lib\index.js:6916:12)
    at TypeScriptParserMixin.parseObjectLike (C:\Users\jenny\app\shadow-wallet\node_modules\@babel\parser\lib\index.js:11839:14)
    at TypeScriptParserMixin.parseExprAtom (C:\Users\jenny\app\shadow-wallet\node_modules\@babel\parser\lib\index.js:11356:23)
    at TypeScriptParserMixin.parseExprAtom (C:\Users\jenny\app\shadow-wallet\node_modules\@babel\parser\lib\index.js:4776:20)
    at TypeScriptParserMixin.parseExprSubscripts (C:\Users\jenny\app\shadow-wallet\node_modules\@babel\parser\lib\index.js:11098:23)
    at TypeScriptParserMixin.parseUpdate (C:\Users\jenny\app\shadow-wallet\node_modules\@babel\parser\lib\index.js:11083:21)
    at TypeScriptParserMixin.parseMaybeUnary (C:\Users\jenny\app\shadow-wallet\node_modules\@babel\parser\lib\index.js:11063:23)
    at TypeScriptParserMixin.parseMaybeUnary (C:\Users\jenny\app\shadow-wallet\node_modules\@babel\parser\lib\index.js:9854:18)
    at TypeScriptParserMixin.parseMaybeUnaryOrPrivate (C:\Users\jenny\app\shadow-wallet\node_modules\@babel\parser\lib\index.js:10916:61)
    at TypeScriptParserMixin.parseExprOps (C:\Users\jenny\app\shadow-wallet\node_modules\@babel\parser\lib\index.js:10921:23)
    at TypeScriptParserMixin.parseMaybeConditional (C:\Users\jenny\app\shadow-wallet\node_modules\@babel\parser\lib\index.js:10898:23)
    at TypeScriptParserMixin.parseMaybeAssign (C:\Users\jenny\app\shadow-wallet\node_modules\@babel\parser\lib\index.js:10848:21)
    at TypeScriptParserMixin.parseMaybeAssign (C:\Users\jenny\app\shadow-wallet\node_modules\@babel\parser\lib\index.js:9803:20)
    at C:\Users\jenny\app\shadow-wallet\node_modules\@babel\parser\lib\index.js:10817:39
    at TypeScriptParserMixin.allowInAnd (C:\Users\jenny\app\shadow-wallet\node_modules\@babel\parser\lib\index.js:12443:12)
    at TypeScriptParserMixin.parseMaybeAssignAllowIn (C:\Users\jenny\app\shadow-wallet\node_modules\@babel\parser\lib\index.js:10817:17)
    at TypeScriptParserMixin.parseMaybeAssignAllowInOrVoidPattern (C:\Users\jenny\app\shadow-wallet\node_modules\@babel\parser\lib\index.js:12510:17)
    at TypeScriptParserMixin.parseExprListItem (C:\Users\jenny\app\shadow-wallet\node_modules\@babel\parser\lib\index.js:12192:18)
    at TypeScriptParserMixin.parseCallExpressionArguments (C:\Users\jenny\app\shadow-wallet\node_modules\@babel\parser\lib\index.js:11269:22)
    at TypeScriptParserMixin.parseCoverCallAndAsyncArrowHead (C:\Users\jenny\app\shadow-wallet\node_modules\@babel\parser\lib\index.js:11203:29)
    at TypeScriptParserMixin.parseSubscript (C:\Users\jenny\app\shadow-wallet\node_modules\@babel\parser\lib\index.js:11137:19)
    at TypeScriptParserMixin.parseSubscript (C:\Users\jenny\app\shadow-wallet\node_modules\@babel\parser\lib\index.js:9289:18)
    at TypeScriptParserMixin.parseSubscripts (C:\Users\jenny\app\shadow-wallet\node_modules\@babel\parser\lib\index.js:11111:19)
    at TypeScriptParserMixin.parseExprSubscripts (C:\Users\jenny\app\shadow-wallet\node_modules\@babel\parser\lib\index.js:11102:17)
    at TypeScriptParserMixin.parseUpdate (C:\Users\jenny\app\shadow-wallet\node_modules\@babel\parser\lib\index.js:11083:21)
    at TypeScriptParserMixin.parseMaybeUnary (C:\Users\jenny\app\shadow-wallet\node_modules\@babel\parser\lib\index.js:11063:23)
    at TypeScriptParserMixin.parseMaybeUnary (C:\Users\jenny\app\shadow-wallet\node_modules\@babel\parser\lib\index.js:9854:18)
    at TypeScriptParserMixin.parseMaybeUnaryOrPrivate (C:\Users\jenny\app\shadow-wallet\node_modules\@babel\parser\lib\index.js:10916:61)
    at TypeScriptParserMixin.parseExprOps (C:\Users\jenny\app\shadow-wallet\node_modules\@babel\parser\lib\index.js:10921:23)
    at TypeScriptParserMixin.parseMaybeConditional (C:\Users\jenny\app\shadow-wallet\node_modules\@babel\parser\lib\index.js:10898:23)
    at TypeScriptParserMixin.parseMaybeAssign (C:\Users\jenny\app\shadow-wallet\node_modules\@babel\parser\lib\index.js:10848:21)
    at TypeScriptParserMixin.parseMaybeAssign (C:\Users\jenny\app\shadow-wallet\node_modules\@babel\parser\lib\index.js:9803:20)
    at C:\Users\jenny\app\shadow-wallet\node_modules\@babel\parser\lib\index.js:10817:39
    at TypeScriptParserMixin.allowInAnd (C:\Users\jenny\app\shadow-wallet\node_modules\@babel\parser\lib\index.js:12438:16)
    at TypeScriptParserMixin.parseMaybeAssignAllowIn (C:\Users\jenny\app\shadow-wallet\node_modules\@babel\parser\lib\index.js:10817:17)
    at TypeScriptParserMixin.parseVar (C:\Users\jenny\app\shadow-wallet\node_modules\@babel\parser\lib\index.js:13401:91)
    at TypeScriptParserMixin.parseVarStatement (C:\Users\jenny\app\shadow-wallet\node_modules\@babel\parser\lib\index.js:13247:10)
    at TypeScriptParserMixin.parseVarStatement (C:\Users\jenny\app\shadow-wallet\node_modules\@babel\parser\lib\index.js:9425:31)
    at TypeScriptParserMixin.parseStatementContent (C:\Users\jenny\app\shadow-wallet\node_modules\@babel\parser\lib\index.js:12868:23)
    at TypeScriptParserMixin.parseStatementContent (C:\Users\jenny\app\shadow-wallet\node_modules\@babel\parser\lib\index.js:9525:18)
    at TypeScriptParserMixin.parseStatementLike (C:\Users\jenny\app\shadow-wallet\node_modules\@babel\parser\lib\index.js:12784:17)
    at TypeScriptParserMixin.parseModuleItem (C:\Users\jenny\app\shadow-wallet\node_modules\@babel\parser\lib\index.js:12761:17)
    at TypeScriptParserMixin.parseBlockOrModuleBlockBody (C:\Users\jenny\app\shadow-wallet\node_modules\@babel\parser\lib\index.js:13333:36)
    at TypeScriptParserMixin.parseBlockBody (C:\Users\jenny\app\shadow-wallet\node_modules\@babel\parser\lib\index.js:13326:10)
    at TypeScriptParserMixin.parseProgram (C:\Users\jenny\app\shadow-wallet\node_modules\@babel\parser\lib\index.js:12639:10)
    at TypeScriptParserMixin.parseTopLevel (C:\Users\jenny\app\shadow-wallet\node_modules\@babel\parser\lib\index.js:12629:25)
    at TypeScriptParserMixin.parse (C:\Users\jenny\app\shadow-wallet\node_modules\@babel\parser\lib\index.js:14505:25)
Web .\index.ts ░░░░░░░░░░░░░░░░  0.0% (0/1)
Web Bundling failed 46ms index.ts (1 module)
 ERROR  SyntaxError: C:\Users\jenny\app\shadow-wallet\src\screens\child\HomeScreen.tsx: Unexpected token, expected "," (1262:2)

  1260 |     fontVariant: ['tabular-nums'],
  1261 |   }
> 1262 |   emptyState: {
       |   ^
  1263 |     alignItems: 'center',
  1264 |     paddingVertical: 26,
  1265 |     backgroundColor: HOME.card,
    at constructor (C:\Users\jenny\app\shadow-wallet\node_modules\@babel\parser\lib\index.js:365:19)
    at TypeScriptParserMixin.raise (C:\Users\jenny\app\shadow-wallet\node_modules\@babel\parser\lib\index.js:6616:19)
    at TypeScriptParserMixin.unexpected (C:\Users\jenny\app\shadow-wallet\node_modules\@babel\parser\lib\index.js:6636:16)
    at TypeScriptParserMixin.expect (C:\Users\jenny\app\shadow-wallet\node_modules\@babel\parser\lib\index.js:6916:12)
    at TypeScriptParserMixin.parseObjectLike (C:\Users\jenny\app\shadow-wallet\node_modules\@babel\parser\lib\index.js:11839:14)
    at TypeScriptParserMixin.parseExprAtom (C:\Users\jenny\app\shadow-wallet\node_modules\@babel\parser\lib\index.js:11356:23)
    at TypeScriptParserMixin.parseExprAtom (C:\Users\jenny\app\shadow-wallet\node_modules\@babel\parser\lib\index.js:4776:20)
    at TypeScriptParserMixin.parseExprSubscripts (C:\Users\jenny\app\shadow-wallet\node_modules\@babel\parser\lib\index.js:11098:23)
    at TypeScriptParserMixin.parseUpdate (C:\Users\jenny\app\shadow-wallet\node_modules\@babel\parser\lib\index.js:11083:21)
    at TypeScriptParserMixin.parseMaybeUnary (C:\Users\jenny\app\shadow-wallet\node_modules\@babel\parser\lib\index.js:11063:23)
    at TypeScriptParserMixin.parseMaybeUnary (C:\Users\jenny\app\shadow-wallet\node_modules\@babel\parser\lib\index.js:9854:18)
    at TypeScriptParserMixin.parseMaybeUnaryOrPrivate (C:\Users\jenny\app\shadow-wallet\node_modules\@babel\parser\lib\index.js:10916:61)
    at TypeScriptParserMixin.parseExprOps (C:\Users\jenny\app\shadow-wallet\node_modules\@babel\parser\lib\index.js:10921:23)
    at TypeScriptParserMixin.parseMaybeConditional (C:\Users\jenny\app\shadow-wallet\node_modules\@babel\parser\lib\index.js:10898:23)
    at TypeScriptParserMixin.parseMaybeAssign (C:\Users\jenny\app\shadow-wallet\node_modules\@babel\parser\lib\index.js:10848:21)
    at TypeScriptParserMixin.parseMaybeAssign (C:\Users\jenny\app\shadow-wallet\node_modules\@babel\parser\lib\index.js:9803:20)
    at C:\Users\jenny\app\shadow-wallet\node_modules\@babel\parser\lib\index.js:10817:39
    at TypeScriptParserMixin.allowInAnd (C:\Users\jenny\app\shadow-wallet\node_modules\@babel\parser\lib\index.js:12443:12)
    at TypeScriptParserMixin.parseMaybeAssignAllowIn (C:\Users\jenny\app\shadow-wallet\node_modules\@babel\parser\lib\index.js:10817:17)
    at TypeScriptParserMixin.parseMaybeAssignAllowInOrVoidPattern (C:\Users\jenny\app\shadow-wallet\node_modules\@babel\parser\lib\index.js:12510:17)
    at TypeScriptParserMixin.parseExprListItem (C:\Users\jenny\app\shadow-wallet\node_modules\@babel\parser\lib\index.js:12192:18)
    at TypeScriptParserMixin.parseCallExpressionArguments (C:\Users\jenny\app\shadow-wallet\node_modules\@babel\parser\lib\index.js:11269:22)
    at TypeScriptParserMixin.parseCoverCallAndAsyncArrowHead (C:\Users\jenny\app\shadow-wallet\node_modules\@babel\parser\lib\index.js:11203:29)
    at TypeScriptParserMixin.parseSubscript (C:\Users\jenny\app\shadow-wallet\node_modules\@babel\parser\lib\index.js:11137:19)
    at TypeScriptParserMixin.parseSubscript (C:\Users\jenny\app\shadow-wallet\node_modules\@babel\parser\lib\index.js:9289:18)
    at TypeScriptParserMixin.parseSubscripts (C:\Users\jenny\app\shadow-wallet\node_modules\@babel\parser\lib\index.js:11111:19)
    at TypeScriptParserMixin.parseExprSubscripts (C:\Users\jenny\app\shadow-wallet\node_modules\@babel\parser\lib\index.js:11102:17)
    at TypeScriptParserMixin.parseUpdate (C:\Users\jenny\app\shadow-wallet\node_modules\@babel\parser\lib\index.js:11083:21)
    at TypeScriptParserMixin.parseMaybeUnary (C:\Users\jenny\app\shadow-wallet\node_modules\@babel\parser\lib\index.js:11063:23)
    at TypeScriptParserMixin.parseMaybeUnary (C:\Users\jenny\app\shadow-wallet\node_modules\@babel\parser\lib\index.js:9854:18)
    at TypeScriptParserMixin.parseMaybeUnaryOrPrivate (C:\Users\jenny\app\shadow-wallet\node_modules\@babel\parser\lib\index.js:10916:61)
    at TypeScriptParserMixin.parseExprOps (C:\Users\jenny\app\shadow-wallet\node_modules\@babel\parser\lib\index.js:10921:23)
    at TypeScriptParserMixin.parseMaybeConditional (C:\Users\jenny\app\shadow-wallet\node_modules\@babel\parser\lib\index.js:10898:23)
    at TypeScriptParserMixin.parseMaybeAssign (C:\Users\jenny\app\shadow-wallet\node_modules\@babel\parser\lib\index.js:10848:21)
    at TypeScriptParserMixin.parseMaybeAssign (C:\Users\jenny\app\shadow-wallet\node_modules\@babel\parser\lib\index.js:9803:20)
    at C:\Users\jenny\app\shadow-wallet\node_modules\@babel\parser\lib\index.js:10817:39
    at TypeScriptParserMixin.allowInAnd (C:\Users\jenny\app\shadow-wallet\node_modules\@babel\parser\lib\index.js:12438:16)
    at TypeScriptParserMixin.parseMaybeAssignAllowIn (C:\Users\jenny\app\shadow-wallet\node_modules\@babel\parser\lib\index.js:10817:17)
    at TypeScriptParserMixin.parseVar (C:\Users\jenny\app\shadow-wallet\node_modules\@babel\parser\lib\index.js:13401:91)
    at TypeScriptParserMixin.parseVarStatement (C:\Users\jenny\app\shadow-wallet\node_modules\@babel\parser\lib\index.js:13247:10)
    at TypeScriptParserMixin.parseVarStatement (C:\Users\jenny\app\shadow-wallet\node_modules\@babel\parser\lib\index.js:9425:31)
    at TypeScriptParserMixin.parseStatementContent (C:\Users\jenny\app\shadow-wallet\node_modules\@babel\parser\lib\index.js:12868:23)
    at TypeScriptParserMixin.parseStatementContent (C:\Users\jenny\app\shadow-wallet\node_modules\@babel\parser\lib\index.js:9525:18)
    at TypeScriptParserMixin.parseStatementLike (C:\Users\jenny\app\shadow-wallet\node_modules\@babel\parser\lib\index.js:12784:17)
    at TypeScriptParserMixin.parseModuleItem (C:\Users\jenny\app\shadow-wallet\node_modules\@babel\parser\lib\index.js:12761:17)
    at TypeScriptParserMixin.parseBlockOrModuleBlockBody (C:\Users\jenny\app\shadow-wallet\node_modules\@babel\parser\lib\index.js:13333:36)
    at TypeScriptParserMixin.parseBlockBody (C:\Users\jenny\app\shadow-wallet\node_modules\@babel\parser\lib\index.js:13326:10)
    at TypeScriptParserMixin.parseProgram (C:\Users\jenny\app\shadow-wallet\node_modules\@babel\parser\lib\index.js:12639:10)
    at TypeScriptParserMixin.parseTopLevel (C:\Users\jenny\app\shadow-wallet\node_modules\@babel\parser\lib\index.js:12629:25)
    at TypeScriptParserMixin.parse (C:\Users\jenny\app\shadow-wallet\node_modules\@babel\parser\lib\index.js:14505:25)
Web .\index.ts ░░░░░░░░░░░░░░░░  0.0% (0/1)
Web Bundled 703ms index.ts (1 module)
 LOG  [web] Logs will appear in the browser console
Web .\index.ts ░░░░░░░░░░░░░░░░  0.0% (0/1)
Web Bundled 128ms index.ts (1 module)
 LOG  [web] Logs will appear in the browser console
Web .\index.ts ░░░░░░░░░░░░░░░░  0.0% (0/1)
Web Bundled 140ms index.ts (1 module)
 LOG  [web] Logs will appear in the browser console
Web .\index.ts ░░░░░░░░░░░░░░░░  0.0% (0/1)
Web Bundled 134ms index.ts (1 module)
 LOG  [web] Logs will appear in the browser console
Web .\index.ts ░░░░░░░░░░░░░░░░  0.0% (0/1)
Web Bundled 53ms index.ts (1 module)
Web Bundled 45ms index.ts (1 module)
 LOG  [web] Logs will appear in the browser console
 LOG  [web] Logs will appear in the browser console
Web .\index.ts ░░░░░░░░░░░░░░░░  0.0% (0/1)
Web Bundled 133ms index.ts (1 module)
 LOG  [web] Logs will appear in the browser console
Web .\index.ts ░░░░░░░░░░░░░░░░  0.0% (0/1)
Web Bundled 141ms index.ts (1 module)
 LOG  [web] Logs will appear in the browser console
Web .\index.ts ░░░░░░░░░░░░░░░░  0.0% (0/1)
Web Bundled 120ms index.ts (1 module)
 LOG  [web] Logs will appear in the browser console
Web .\index.ts ░░░░░░░░░░░░░░░░  0.0% (0/1)
Web Bundled 153ms index.ts (1 module)
 LOG  [web] Logs will appear in the browser console
Web .\index.ts ░░░░░░░░░░░░░░░░  0.0% (0/1)
Web Bundled 131ms index.ts (1 module)
 LOG  [web] Logs will appear in the browser console
Web .\index.ts ░░░░░░░░░░░░░░░░  0.0% (0/1)
Web Bundled 123ms index.ts (1 module)
 LOG  [web] Logs will appear in the browser console
Web .\index.ts ░░░░░░░░░░░░░░░░  0.0% (0/1)
Web Bundled 200ms index.ts (1 module)
 LOG  [web] Logs will appear in the browser console
Web .\index.ts ░░░░░░░░░░░░░░░░  0.0% (0/1)
Web Bundled 130ms index.ts (1 module)
 LOG  [web] Logs will appear in the browser console
Web .\index.ts ░░░░░░░░░░░░░░░░  0.0% (0/1)
Web Bundled 117ms index.ts (1 module)
 LOG  [web] Logs will appear in the browser console
Web .\index.ts ░░░░░░░░░░░░░░░░  0.0% (0/1)
Web Bundled 130ms index.ts (1 module)
 LOG  [web] Logs will appear in the browser console
Web Bundled 136ms index.ts (1 module)
 LOG  [web] Logs will appear in the browser console
Web .\index.ts ░░░░░░░░░░░░░░░░  0.0% (0/1)
Web Bundled 150ms index.ts (1 module)
 LOG  [web] Logs will appear in the browser console
Web .\index.ts ░░░░░░░░░░░░░░░░  0.0% (0/1)
Web Bundled 127ms index.ts (1 module)
 LOG  [web] Logs will appear in the browser console
Web .\index.ts ░░░░░░░░░░░░░░░░  0.0% (0/1)
Web Bundled 127ms index.ts (1 module)
 LOG  [web] Logs will appear in the browser console
 ERROR  SyntaxError: C:\Users\jenny\app\shadow-wallet\src\screens\parent\tablet\ParentHomeTablet.tsx: Unexpected token, expected "}" (3274:6)

  3272 | const styles = StyleSheet.create({
  3273 |   // ── Root & loading ──
> 3274 |   root: {
       |       ^
  3275 |     flex: 1,
  3276 |     backgroundColor: ParentColors.bgCanvas,
  3277 |   },
    at constructor (C:\Users\jenny\app\shadow-wallet\node_modules\@babel\parser\lib\index.js:365:19)
    at TypeScriptParserMixin.raise (C:\Users\jenny\app\shadow-wallet\node_modules\@babel\parser\lib\index.js:6616:19)
    at TypeScriptParserMixin.unexpected (C:\Users\jenny\app\shadow-wallet\node_modules\@babel\parser\lib\index.js:6636:16)
    at TypeScriptParserMixin.expect (C:\Users\jenny\app\shadow-wallet\node_modules\@babel\parser\lib\index.js:6916:12)
    at TypeScriptParserMixin.jsxParseExpressionContainer (C:\Users\jenny\app\shadow-wallet\node_modules\@babel\parser\lib\index.js:4649:10)
    at TypeScriptParserMixin.jsxParseElementAt (C:\Users\jenny\app\shadow-wallet\node_modules\@babel\parser\lib\index.js:4723:36)
    at TypeScriptParserMixin.jsxParseElement (C:\Users\jenny\app\shadow-wallet\node_modules\@babel\parser\lib\index.js:4761:17)
    at TypeScriptParserMixin.parseExprAtom (C:\Users\jenny\app\shadow-wallet\node_modules\@babel\parser\lib\index.js:4771:19)
    at TypeScriptParserMixin.parseExprSubscripts (C:\Users\jenny\app\shadow-wallet\node_modules\@babel\parser\lib\index.js:11098:23)
    at TypeScriptParserMixin.parseUpdate (C:\Users\jenny\app\shadow-wallet\node_modules\@babel\parser\lib\index.js:11083:21)
    at TypeScriptParserMixin.parseMaybeUnary (C:\Users\jenny\app\shadow-wallet\node_modules\@babel\parser\lib\index.js:11063:23)
    at TypeScriptParserMixin.parseMaybeUnary (C:\Users\jenny\app\shadow-wallet\node_modules\@babel\parser\lib\index.js:9854:18)
    at TypeScriptParserMixin.parseMaybeUnaryOrPrivate (C:\Users\jenny\app\shadow-wallet\node_modules\@babel\parser\lib\index.js:10916:61)
    at TypeScriptParserMixin.parseExprOps (C:\Users\jenny\app\shadow-wallet\node_modules\@babel\parser\lib\index.js:10921:23)
    at TypeScriptParserMixin.parseMaybeConditional (C:\Users\jenny\app\shadow-wallet\node_modules\@babel\parser\lib\index.js:10898:23)
    at TypeScriptParserMixin.parseMaybeAssign (C:\Users\jenny\app\shadow-wallet\node_modules\@babel\parser\lib\index.js:10848:21)
    at C:\Users\jenny\app\shadow-wallet\node_modules\@babel\parser\lib\index.js:9792:39
    at TypeScriptParserMixin.tryParse (C:\Users\jenny\app\shadow-wallet\node_modules\@babel\parser\lib\index.js:6924:20)
    at TypeScriptParserMixin.parseMaybeAssign (C:\Users\jenny\app\shadow-wallet\node_modules\@babel\parser\lib\index.js:9792:18)
    at C:\Users\jenny\app\shadow-wallet\node_modules\@babel\parser\lib\index.js:10817:39
    at TypeScriptParserMixin.allowInAnd (C:\Users\jenny\app\shadow-wallet\node_modules\@babel\parser\lib\index.js:12443:12)
    at TypeScriptParserMixin.parseMaybeAssignAllowIn (C:\Users\jenny\app\shadow-wallet\node_modules\@babel\parser\lib\index.js:10817:17)
    at TypeScriptParserMixin.parseMaybeAssignAllowInOrVoidPattern (C:\Users\jenny\app\shadow-wallet\node_modules\@babel\parser\lib\index.js:12510:17)
    at TypeScriptParserMixin.parseParenAndDistinguishExpression (C:\Users\jenny\app\shadow-wallet\node_modules\@babel\parser\lib\index.js:11692:28)
    at TypeScriptParserMixin.parseExprAtom (C:\Users\jenny\app\shadow-wallet\node_modules\@babel\parser\lib\index.js:11348:23)
    at TypeScriptParserMixin.parseExprAtom (C:\Users\jenny\app\shadow-wallet\node_modules\@babel\parser\lib\index.js:4776:20)
    at TypeScriptParserMixin.parseExprSubscripts (C:\Users\jenny\app\shadow-wallet\node_modules\@babel\parser\lib\index.js:11098:23)
    at TypeScriptParserMixin.parseUpdate (C:\Users\jenny\app\shadow-wallet\node_modules\@babel\parser\lib\index.js:11083:21)
    at TypeScriptParserMixin.parseMaybeUnary (C:\Users\jenny\app\shadow-wallet\node_modules\@babel\parser\lib\index.js:11063:23)
    at TypeScriptParserMixin.parseMaybeUnary (C:\Users\jenny\app\shadow-wallet\node_modules\@babel\parser\lib\index.js:9854:18)
    at TypeScriptParserMixin.parseMaybeUnaryOrPrivate (C:\Users\jenny\app\shadow-wallet\node_modules\@babel\parser\lib\index.js:10916:61)
    at TypeScriptParserMixin.parseExprOps (C:\Users\jenny\app\shadow-wallet\node_modules\@babel\parser\lib\index.js:10921:23)
    at TypeScriptParserMixin.parseMaybeConditional (C:\Users\jenny\app\shadow-wallet\node_modules\@babel\parser\lib\index.js:10898:23)
    at TypeScriptParserMixin.parseMaybeAssign (C:\Users\jenny\app\shadow-wallet\node_modules\@babel\parser\lib\index.js:10848:21)
    at TypeScriptParserMixin.parseMaybeAssign (C:\Users\jenny\app\shadow-wallet\node_modules\@babel\parser\lib\index.js:9803:20)
    at TypeScriptParserMixin.parseExpressionBase (C:\Users\jenny\app\shadow-wallet\node_modules\@babel\parser\lib\index.js:10801:23)
    at C:\Users\jenny\app\shadow-wallet\node_modules\@babel\parser\lib\index.js:10797:39
    at TypeScriptParserMixin.allowInAnd (C:\Users\jenny\app\shadow-wallet\node_modules\@babel\parser\lib\index.js:12438:16)
    at TypeScriptParserMixin.parseExpression (C:\Users\jenny\app\shadow-wallet\node_modules\@babel\parser\lib\index.js:10797:17)
    at TypeScriptParserMixin.parseReturnStatement (C:\Users\jenny\app\shadow-wallet\node_modules\@babel\parser\lib\index.js:13159:28)
    at TypeScriptParserMixin.parseStatementContent (C:\Users\jenny\app\shadow-wallet\node_modules\@babel\parser\lib\index.js:12815:21)
    at TypeScriptParserMixin.parseStatementContent (C:\Users\jenny\app\shadow-wallet\node_modules\@babel\parser\lib\index.js:9525:18)
    at TypeScriptParserMixin.parseStatementLike (C:\Users\jenny\app\shadow-wallet\node_modules\@babel\parser\lib\index.js:12784:17)
    at TypeScriptParserMixin.parseStatementListItem (C:\Users\jenny\app\shadow-wallet\node_modules\@babel\parser\lib\index.js:12764:17)
    at TypeScriptParserMixin.parseBlockOrModuleBlockBody (C:\Users\jenny\app\shadow-wallet\node_modules\@babel\parser\lib\index.js:13333:61)
    at TypeScriptParserMixin.parseBlockBody (C:\Users\jenny\app\shadow-wallet\node_modules\@babel\parser\lib\index.js:13326:10)
    at TypeScriptParserMixin.parseBlock (C:\Users\jenny\app\shadow-wallet\node_modules\@babel\parser\lib\index.js:13314:10)
    at TypeScriptParserMixin.parseFunctionBody (C:\Users\jenny\app\shadow-wallet\node_modules\@babel\parser\lib\index.js:12117:24)
    at TypeScriptParserMixin.parseFunctionBodyAndFinish (C:\Users\jenny\app\shadow-wallet\node_modules\@babel\parser\lib\index.js:12103:10)
    at TypeScriptParserMixin.parseFunctionBodyAndFinish (C:\Users\jenny\app\shadow-wallet\node_modules\@babel\parser\lib\index.js:9189:18)
Web .\index.ts ░░░░░░░░░░░░░░░░  0.0% (0/1)
Web Bundled 116ms index.ts (1 module)
 LOG  [web] Logs will appear in the browser console
Web .\index.ts ░░░░░░░░░░░░░░░░  0.0% (0/1)
Web Bundled 147ms index.ts (1 module)
 LOG  [web] Logs will appear in the browser console
 ERROR  SyntaxError: C:\Users\jenny\app\shadow-wallet\src\screens\parent\tablet\ParentWeeklyTablet.tsx: Unexpected token, expected "}" (918:6)

  916 |
  917 | const s = StyleSheet.create({
> 918 |   root: {
      |       ^
  919 |     flex: 1,
  920 |     backgroundColor: ParentColors.bgCanvas,
  921 |   },
    at constructor (C:\Users\jenny\app\shadow-wallet\node_modules\@babel\parser\lib\index.js:365:19)
    at TypeScriptParserMixin.raise (C:\Users\jenny\app\shadow-wallet\node_modules\@babel\parser\lib\index.js:6616:19)
    at TypeScriptParserMixin.unexpected (C:\Users\jenny\app\shadow-wallet\node_modules\@babel\parser\lib\index.js:6636:16)
    at TypeScriptParserMixin.expect (C:\Users\jenny\app\shadow-wallet\node_modules\@babel\parser\lib\index.js:6916:12)
    at TypeScriptParserMixin.jsxParseExpressionContainer (C:\Users\jenny\app\shadow-wallet\node_modules\@babel\parser\lib\index.js:4649:10)
    at TypeScriptParserMixin.jsxParseElementAt (C:\Users\jenny\app\shadow-wallet\node_modules\@babel\parser\lib\index.js:4723:36)
    at TypeScriptParserMixin.jsxParseElementAt (C:\Users\jenny\app\shadow-wallet\node_modules\@babel\parser\lib\index.js:4710:32)
    at TypeScriptParserMixin.jsxParseElement (C:\Users\jenny\app\shadow-wallet\node_modules\@babel\parser\lib\index.js:4761:17)
    at TypeScriptParserMixin.parseExprAtom (C:\Users\jenny\app\shadow-wallet\node_modules\@babel\parser\lib\index.js:4771:19)
    at TypeScriptParserMixin.parseExprSubscripts (C:\Users\jenny\app\shadow-wallet\node_modules\@babel\parser\lib\index.js:11098:23)
    at TypeScriptParserMixin.parseUpdate (C:\Users\jenny\app\shadow-wallet\node_modules\@babel\parser\lib\index.js:11083:21)
    at TypeScriptParserMixin.parseMaybeUnary (C:\Users\jenny\app\shadow-wallet\node_modules\@babel\parser\lib\index.js:11063:23)
    at TypeScriptParserMixin.parseMaybeUnary (C:\Users\jenny\app\shadow-wallet\node_modules\@babel\parser\lib\index.js:9854:18)
    at TypeScriptParserMixin.parseMaybeUnaryOrPrivate (C:\Users\jenny\app\shadow-wallet\node_modules\@babel\parser\lib\index.js:10916:61)
    at TypeScriptParserMixin.parseExprOps (C:\Users\jenny\app\shadow-wallet\node_modules\@babel\parser\lib\index.js:10921:23)
    at TypeScriptParserMixin.parseMaybeConditional (C:\Users\jenny\app\shadow-wallet\node_modules\@babel\parser\lib\index.js:10898:23)
    at TypeScriptParserMixin.parseMaybeAssign (C:\Users\jenny\app\shadow-wallet\node_modules\@babel\parser\lib\index.js:10848:21)
    at C:\Users\jenny\app\shadow-wallet\node_modules\@babel\parser\lib\index.js:9792:39
    at TypeScriptParserMixin.tryParse (C:\Users\jenny\app\shadow-wallet\node_modules\@babel\parser\lib\index.js:6924:20)
    at TypeScriptParserMixin.parseMaybeAssign (C:\Users\jenny\app\shadow-wallet\node_modules\@babel\parser\lib\index.js:9792:18)
    at C:\Users\jenny\app\shadow-wallet\node_modules\@babel\parser\lib\index.js:10817:39
    at TypeScriptParserMixin.allowInAnd (C:\Users\jenny\app\shadow-wallet\node_modules\@babel\parser\lib\index.js:12443:12)
    at TypeScriptParserMixin.parseMaybeAssignAllowIn (C:\Users\jenny\app\shadow-wallet\node_modules\@babel\parser\lib\index.js:10817:17)
    at TypeScriptParserMixin.parseMaybeAssignAllowInOrVoidPattern (C:\Users\jenny\app\shadow-wallet\node_modules\@babel\parser\lib\index.js:12510:17)
    at TypeScriptParserMixin.parseParenAndDistinguishExpression (C:\Users\jenny\app\shadow-wallet\node_modules\@babel\parser\lib\index.js:11692:28)
    at TypeScriptParserMixin.parseExprAtom (C:\Users\jenny\app\shadow-wallet\node_modules\@babel\parser\lib\index.js:11348:23)
    at TypeScriptParserMixin.parseExprAtom (C:\Users\jenny\app\shadow-wallet\node_modules\@babel\parser\lib\index.js:4776:20)
    at TypeScriptParserMixin.parseExprSubscripts (C:\Users\jenny\app\shadow-wallet\node_modules\@babel\parser\lib\index.js:11098:23)
    at TypeScriptParserMixin.parseUpdate (C:\Users\jenny\app\shadow-wallet\node_modules\@babel\parser\lib\index.js:11083:21)
    at TypeScriptParserMixin.parseMaybeUnary (C:\Users\jenny\app\shadow-wallet\node_modules\@babel\parser\lib\index.js:11063:23)
    at TypeScriptParserMixin.parseMaybeUnary (C:\Users\jenny\app\shadow-wallet\node_modules\@babel\parser\lib\index.js:9854:18)
    at TypeScriptParserMixin.parseMaybeUnaryOrPrivate (C:\Users\jenny\app\shadow-wallet\node_modules\@babel\parser\lib\index.js:10916:61)
    at TypeScriptParserMixin.parseExprOps (C:\Users\jenny\app\shadow-wallet\node_modules\@babel\parser\lib\index.js:10921:23)
    at TypeScriptParserMixin.parseMaybeConditional (C:\Users\jenny\app\shadow-wallet\node_modules\@babel\parser\lib\index.js:10898:23)
    at TypeScriptParserMixin.parseMaybeAssign (C:\Users\jenny\app\shadow-wallet\node_modules\@babel\parser\lib\index.js:10848:21)
    at TypeScriptParserMixin.parseMaybeAssign (C:\Users\jenny\app\shadow-wallet\node_modules\@babel\parser\lib\index.js:9803:20)
    at TypeScriptParserMixin.parseExpressionBase (C:\Users\jenny\app\shadow-wallet\node_modules\@babel\parser\lib\index.js:10801:23)
    at C:\Users\jenny\app\shadow-wallet\node_modules\@babel\parser\lib\index.js:10797:39
    at TypeScriptParserMixin.allowInAnd (C:\Users\jenny\app\shadow-wallet\node_modules\@babel\parser\lib\index.js:12438:16)
    at TypeScriptParserMixin.parseExpression (C:\Users\jenny\app\shadow-wallet\node_modules\@babel\parser\lib\index.js:10797:17)
    at TypeScriptParserMixin.parseReturnStatement (C:\Users\jenny\app\shadow-wallet\node_modules\@babel\parser\lib\index.js:13159:28)
    at TypeScriptParserMixin.parseStatementContent (C:\Users\jenny\app\shadow-wallet\node_modules\@babel\parser\lib\index.js:12815:21)
    at TypeScriptParserMixin.parseStatementContent (C:\Users\jenny\app\shadow-wallet\node_modules\@babel\parser\lib\index.js:9525:18)
    at TypeScriptParserMixin.parseStatementLike (C:\Users\jenny\app\shadow-wallet\node_modules\@babel\parser\lib\index.js:12784:17)
    at TypeScriptParserMixin.parseStatementListItem (C:\Users\jenny\app\shadow-wallet\node_modules\@babel\parser\lib\index.js:12764:17)
    at TypeScriptParserMixin.parseBlockOrModuleBlockBody (C:\Users\jenny\app\shadow-wallet\node_modules\@babel\parser\lib\index.js:13333:61)
    at TypeScriptParserMixin.parseBlockBody (C:\Users\jenny\app\shadow-wallet\node_modules\@babel\parser\lib\index.js:13326:10)
    at TypeScriptParserMixin.parseBlock (C:\Users\jenny\app\shadow-wallet\node_modules\@babel\parser\lib\index.js:13314:10)
    at TypeScriptParserMixin.parseFunctionBody (C:\Users\jenny\app\shadow-wallet\node_modules\@babel\parser\lib\index.js:12117:24)
    at TypeScriptParserMixin.parseFunctionBodyAndFinish (C:\Users\jenny\app\shadow-wallet\node_modules\@babel\parser\lib\index.js:12103:10)
 ERROR  SyntaxError: C:\Users\jenny\app\shadow-wallet\src\screens\parent\tablet\ParentWeeklyTablet.tsx: Unexpected token, expected "}" (918:6)

  916 |
  917 | const s = StyleSheet.create({
> 918 |   root: {
      |       ^
  919 |     flex: 1,
  920 |     backgroundColor: ParentColors.bgCanvas,
  921 |   },
    at constructor (C:\Users\jenny\app\shadow-wallet\node_modules\@babel\parser\lib\index.js:365:19)
    at TypeScriptParserMixin.raise (C:\Users\jenny\app\shadow-wallet\node_modules\@babel\parser\lib\index.js:6616:19)
    at TypeScriptParserMixin.unexpected (C:\Users\jenny\app\shadow-wallet\node_modules\@babel\parser\lib\index.js:6636:16)
    at TypeScriptParserMixin.expect (C:\Users\jenny\app\shadow-wallet\node_modules\@babel\parser\lib\index.js:6916:12)
    at TypeScriptParserMixin.jsxParseExpressionContainer (C:\Users\jenny\app\shadow-wallet\node_modules\@babel\parser\lib\index.js:4649:10)
    at TypeScriptParserMixin.jsxParseElementAt (C:\Users\jenny\app\shadow-wallet\node_modules\@babel\parser\lib\index.js:4723:36)
    at TypeScriptParserMixin.jsxParseElementAt (C:\Users\jenny\app\shadow-wallet\node_modules\@babel\parser\lib\index.js:4710:32)
    at TypeScriptParserMixin.jsxParseElement (C:\Users\jenny\app\shadow-wallet\node_modules\@babel\parser\lib\index.js:4761:17)
    at TypeScriptParserMixin.parseExprAtom (C:\Users\jenny\app\shadow-wallet\node_modules\@babel\parser\lib\index.js:4771:19)
    at TypeScriptParserMixin.parseExprSubscripts (C:\Users\jenny\app\shadow-wallet\node_modules\@babel\parser\lib\index.js:11098:23)
    at TypeScriptParserMixin.parseUpdate (C:\Users\jenny\app\shadow-wallet\node_modules\@babel\parser\lib\index.js:11083:21)
    at TypeScriptParserMixin.parseMaybeUnary (C:\Users\jenny\app\shadow-wallet\node_modules\@babel\parser\lib\index.js:11063:23)
    at TypeScriptParserMixin.parseMaybeUnary (C:\Users\jenny\app\shadow-wallet\node_modules\@babel\parser\lib\index.js:9854:18)
    at TypeScriptParserMixin.parseMaybeUnaryOrPrivate (C:\Users\jenny\app\shadow-wallet\node_modules\@babel\parser\lib\index.js:10916:61)
    at TypeScriptParserMixin.parseExprOps (C:\Users\jenny\app\shadow-wallet\node_modules\@babel\parser\lib\index.js:10921:23)
    at TypeScriptParserMixin.parseMaybeConditional (C:\Users\jenny\app\shadow-wallet\node_modules\@babel\parser\lib\index.js:10898:23)
    at TypeScriptParserMixin.parseMaybeAssign (C:\Users\jenny\app\shadow-wallet\node_modules\@babel\parser\lib\index.js:10848:21)
    at C:\Users\jenny\app\shadow-wallet\node_modules\@babel\parser\lib\index.js:9792:39
    at TypeScriptParserMixin.tryParse (C:\Users\jenny\app\shadow-wallet\node_modules\@babel\parser\lib\index.js:6924:20)
    at TypeScriptParserMixin.parseMaybeAssign (C:\Users\jenny\app\shadow-wallet\node_modules\@babel\parser\lib\index.js:9792:18)
    at C:\Users\jenny\app\shadow-wallet\node_modules\@babel\parser\lib\index.js:10817:39
    at TypeScriptParserMixin.allowInAnd (C:\Users\jenny\app\shadow-wallet\node_modules\@babel\parser\lib\index.js:12443:12)
    at TypeScriptParserMixin.parseMaybeAssignAllowIn (C:\Users\jenny\app\shadow-wallet\node_modules\@babel\parser\lib\index.js:10817:17)
    at TypeScriptParserMixin.parseMaybeAssignAllowInOrVoidPattern (C:\Users\jenny\app\shadow-wallet\node_modules\@babel\parser\lib\index.js:12510:17)
    at TypeScriptParserMixin.parseParenAndDistinguishExpression (C:\Users\jenny\app\shadow-wallet\node_modules\@babel\parser\lib\index.js:11692:28)
    at TypeScriptParserMixin.parseExprAtom (C:\Users\jenny\app\shadow-wallet\node_modules\@babel\parser\lib\index.js:11348:23)
    at TypeScriptParserMixin.parseExprAtom (C:\Users\jenny\app\shadow-wallet\node_modules\@babel\parser\lib\index.js:4776:20)
    at TypeScriptParserMixin.parseExprSubscripts (C:\Users\jenny\app\shadow-wallet\node_modules\@babel\parser\lib\index.js:11098:23)
    at TypeScriptParserMixin.parseUpdate (C:\Users\jenny\app\shadow-wallet\node_modules\@babel\parser\lib\index.js:11083:21)
    at TypeScriptParserMixin.parseMaybeUnary (C:\Users\jenny\app\shadow-wallet\node_modules\@babel\parser\lib\index.js:11063:23)
    at TypeScriptParserMixin.parseMaybeUnary (C:\Users\jenny\app\shadow-wallet\node_modules\@babel\parser\lib\index.js:9854:18)
    at TypeScriptParserMixin.parseMaybeUnaryOrPrivate (C:\Users\jenny\app\shadow-wallet\node_modules\@babel\parser\lib\index.js:10916:61)
    at TypeScriptParserMixin.parseExprOps (C:\Users\jenny\app\shadow-wallet\node_modules\@babel\parser\lib\index.js:10921:23)
    at TypeScriptParserMixin.parseMaybeConditional (C:\Users\jenny\app\shadow-wallet\node_modules\@babel\parser\lib\index.js:10898:23)
    at TypeScriptParserMixin.parseMaybeAssign (C:\Users\jenny\app\shadow-wallet\node_modules\@babel\parser\lib\index.js:10848:21)
    at TypeScriptParserMixin.parseMaybeAssign (C:\Users\jenny\app\shadow-wallet\node_modules\@babel\parser\lib\index.js:9803:20)
    at TypeScriptParserMixin.parseExpressionBase (C:\Users\jenny\app\shadow-wallet\node_modules\@babel\parser\lib\index.js:10801:23)
    at C:\Users\jenny\app\shadow-wallet\node_modules\@babel\parser\lib\index.js:10797:39
    at TypeScriptParserMixin.allowInAnd (C:\Users\jenny\app\shadow-wallet\node_modules\@babel\parser\lib\index.js:12438:16)
    at TypeScriptParserMixin.parseExpression (C:\Users\jenny\app\shadow-wallet\node_modules\@babel\parser\lib\index.js:10797:17)
    at TypeScriptParserMixin.parseReturnStatement (C:\Users\jenny\app\shadow-wallet\node_modules\@babel\parser\lib\index.js:13159:28)
    at TypeScriptParserMixin.parseStatementContent (C:\Users\jenny\app\shadow-wallet\node_modules\@babel\parser\lib\index.js:12815:21)
    at TypeScriptParserMixin.parseStatementContent (C:\Users\jenny\app\shadow-wallet\node_modules\@babel\parser\lib\index.js:9525:18)
    at TypeScriptParserMixin.parseStatementLike (C:\Users\jenny\app\shadow-wallet\node_modules\@babel\parser\lib\index.js:12784:17)
    at TypeScriptParserMixin.parseStatementListItem (C:\Users\jenny\app\shadow-wallet\node_modules\@babel\parser\lib\index.js:12764:17)
    at TypeScriptParserMixin.parseBlockOrModuleBlockBody (C:\Users\jenny\app\shadow-wallet\node_modules\@babel\parser\lib\index.js:13333:61)
    at TypeScriptParserMixin.parseBlockBody (C:\Users\jenny\app\shadow-wallet\node_modules\@babel\parser\lib\index.js:13326:10)
    at TypeScriptParserMixin.parseBlock (C:\Users\jenny\app\shadow-wallet\node_modules\@babel\parser\lib\index.js:13314:10)
    at TypeScriptParserMixin.parseFunctionBody (C:\Users\jenny\app\shadow-wallet\node_modules\@babel\parser\lib\index.js:12117:24)
    at TypeScriptParserMixin.parseFunctionBodyAndFinish (C:\Users\jenny\app\shadow-wallet\node_modules\@babel\parser\lib\index.js:12103:10)
 ERROR  SyntaxError: C:\Users\jenny\app\shadow-wallet\src\screens\parent\tablet\ParentWeeklyTablet.tsx: Unexpected token, expected "}" (918:6)

  916 |
  917 | const s = StyleSheet.create({
> 918 |   root: {
      |       ^
  919 |     flex: 1,
  920 |     backgroundColor: ParentColors.bgCanvas,
  921 |   },
    at constructor (C:\Users\jenny\app\shadow-wallet\node_modules\@babel\parser\lib\index.js:365:19)
    at TypeScriptParserMixin.raise (C:\Users\jenny\app\shadow-wallet\node_modules\@babel\parser\lib\index.js:6616:19)
    at TypeScriptParserMixin.unexpected (C:\Users\jenny\app\shadow-wallet\node_modules\@babel\parser\lib\index.js:6636:16)
    at TypeScriptParserMixin.expect (C:\Users\jenny\app\shadow-wallet\node_modules\@babel\parser\lib\index.js:6916:12)
    at TypeScriptParserMixin.jsxParseExpressionContainer (C:\Users\jenny\app\shadow-wallet\node_modules\@babel\parser\lib\index.js:4649:10)
    at TypeScriptParserMixin.jsxParseElementAt (C:\Users\jenny\app\shadow-wallet\node_modules\@babel\parser\lib\index.js:4723:36)
    at TypeScriptParserMixin.jsxParseElementAt (C:\Users\jenny\app\shadow-wallet\node_modules\@babel\parser\lib\index.js:4710:32)
    at TypeScriptParserMixin.jsxParseElement (C:\Users\jenny\app\shadow-wallet\node_modules\@babel\parser\lib\index.js:4761:17)
    at TypeScriptParserMixin.parseExprAtom (C:\Users\jenny\app\shadow-wallet\node_modules\@babel\parser\lib\index.js:4771:19)
    at TypeScriptParserMixin.parseExprSubscripts (C:\Users\jenny\app\shadow-wallet\node_modules\@babel\parser\lib\index.js:11098:23)
    at TypeScriptParserMixin.parseUpdate (C:\Users\jenny\app\shadow-wallet\node_modules\@babel\parser\lib\index.js:11083:21)
    at TypeScriptParserMixin.parseMaybeUnary (C:\Users\jenny\app\shadow-wallet\node_modules\@babel\parser\lib\index.js:11063:23)
    at TypeScriptParserMixin.parseMaybeUnary (C:\Users\jenny\app\shadow-wallet\node_modules\@babel\parser\lib\index.js:9854:18)
    at TypeScriptParserMixin.parseMaybeUnaryOrPrivate (C:\Users\jenny\app\shadow-wallet\node_modules\@babel\parser\lib\index.js:10916:61)
    at TypeScriptParserMixin.parseExprOps (C:\Users\jenny\app\shadow-wallet\node_modules\@babel\parser\lib\index.js:10921:23)
    at TypeScriptParserMixin.parseMaybeConditional (C:\Users\jenny\app\shadow-wallet\node_modules\@babel\parser\lib\index.js:10898:23)
    at TypeScriptParserMixin.parseMaybeAssign (C:\Users\jenny\app\shadow-wallet\node_modules\@babel\parser\lib\index.js:10848:21)
    at C:\Users\jenny\app\shadow-wallet\node_modules\@babel\parser\lib\index.js:9792:39
    at TypeScriptParserMixin.tryParse (C:\Users\jenny\app\shadow-wallet\node_modules\@babel\parser\lib\index.js:6924:20)
    at TypeScriptParserMixin.parseMaybeAssign (C:\Users\jenny\app\shadow-wallet\node_modules\@babel\parser\lib\index.js:9792:18)
    at C:\Users\jenny\app\shadow-wallet\node_modules\@babel\parser\lib\index.js:10817:39
    at TypeScriptParserMixin.allowInAnd (C:\Users\jenny\app\shadow-wallet\node_modules\@babel\parser\lib\index.js:12443:12)
    at TypeScriptParserMixin.parseMaybeAssignAllowIn (C:\Users\jenny\app\shadow-wallet\node_modules\@babel\parser\lib\index.js:10817:17)
    at TypeScriptParserMixin.parseMaybeAssignAllowInOrVoidPattern (C:\Users\jenny\app\shadow-wallet\node_modules\@babel\parser\lib\index.js:12510:17)
    at TypeScriptParserMixin.parseParenAndDistinguishExpression (C:\Users\jenny\app\shadow-wallet\node_modules\@babel\parser\lib\index.js:11692:28)
    at TypeScriptParserMixin.parseExprAtom (C:\Users\jenny\app\shadow-wallet\node_modules\@babel\parser\lib\index.js:11348:23)
    at TypeScriptParserMixin.parseExprAtom (C:\Users\jenny\app\shadow-wallet\node_modules\@babel\parser\lib\index.js:4776:20)
    at TypeScriptParserMixin.parseExprSubscripts (C:\Users\jenny\app\shadow-wallet\node_modules\@babel\parser\lib\index.js:11098:23)
    at TypeScriptParserMixin.parseUpdate (C:\Users\jenny\app\shadow-wallet\node_modules\@babel\parser\lib\index.js:11083:21)
    at TypeScriptParserMixin.parseMaybeUnary (C:\Users\jenny\app\shadow-wallet\node_modules\@babel\parser\lib\index.js:11063:23)
    at TypeScriptParserMixin.parseMaybeUnary (C:\Users\jenny\app\shadow-wallet\node_modules\@babel\parser\lib\index.js:9854:18)
    at TypeScriptParserMixin.parseMaybeUnaryOrPrivate (C:\Users\jenny\app\shadow-wallet\node_modules\@babel\parser\lib\index.js:10916:61)
    at TypeScriptParserMixin.parseExprOps (C:\Users\jenny\app\shadow-wallet\node_modules\@babel\parser\lib\index.js:10921:23)
    at TypeScriptParserMixin.parseMaybeConditional (C:\Users\jenny\app\shadow-wallet\node_modules\@babel\parser\lib\index.js:10898:23)
    at TypeScriptParserMixin.parseMaybeAssign (C:\Users\jenny\app\shadow-wallet\node_modules\@babel\parser\lib\index.js:10848:21)
    at TypeScriptParserMixin.parseMaybeAssign (C:\Users\jenny\app\shadow-wallet\node_modules\@babel\parser\lib\index.js:9803:20)
    at TypeScriptParserMixin.parseExpressionBase (C:\Users\jenny\app\shadow-wallet\node_modules\@babel\parser\lib\index.js:10801:23)
    at C:\Users\jenny\app\shadow-wallet\node_modules\@babel\parser\lib\index.js:10797:39
    at TypeScriptParserMixin.allowInAnd (C:\Users\jenny\app\shadow-wallet\node_modules\@babel\parser\lib\index.js:12438:16)
    at TypeScriptParserMixin.parseExpression (C:\Users\jenny\app\shadow-wallet\node_modules\@babel\parser\lib\index.js:10797:17)
    at TypeScriptParserMixin.parseReturnStatement (C:\Users\jenny\app\shadow-wallet\node_modules\@babel\parser\lib\index.js:13159:28)
    at TypeScriptParserMixin.parseStatementContent (C:\Users\jenny\app\shadow-wallet\node_modules\@babel\parser\lib\index.js:12815:21)
    at TypeScriptParserMixin.parseStatementContent (C:\Users\jenny\app\shadow-wallet\node_modules\@babel\parser\lib\index.js:9525:18)
    at TypeScriptParserMixin.parseStatementLike (C:\Users\jenny\app\shadow-wallet\node_modules\@babel\parser\lib\index.js:12784:17)
    at TypeScriptParserMixin.parseStatementListItem (C:\Users\jenny\app\shadow-wallet\node_modules\@babel\parser\lib\index.js:12764:17)
    at TypeScriptParserMixin.parseBlockOrModuleBlockBody (C:\Users\jenny\app\shadow-wallet\node_modules\@babel\parser\lib\index.js:13333:61)
    at TypeScriptParserMixin.parseBlockBody (C:\Users\jenny\app\shadow-wallet\node_modules\@babel\parser\lib\index.js:13326:10)
    at TypeScriptParserMixin.parseBlock (C:\Users\jenny\app\shadow-wallet\node_modules\@babel\parser\lib\index.js:13314:10)
    at TypeScriptParserMixin.parseFunctionBody (C:\Users\jenny\app\shadow-wallet\node_modules\@babel\parser\lib\index.js:12117:24)
    at TypeScriptParserMixin.parseFunctionBodyAndFinish (C:\Users\jenny\app\shadow-wallet\node_modules\@babel\parser\lib\index.js:12103:10)
Web .\index.ts ░░░░░░░░░░░░░░░░  0.0% (0/1)
Web Bundled 191ms index.ts (1 module)
 LOG  [web] Logs will appear in the browser console
Web .\index.ts ░░░░░░░░░░░░░░░░  0.0% (0/1)
Web Bundled 137ms index.ts (1 module)
 LOG  [web] Logs will appear in the browser console
Web .\index.ts ░░░░░░░░░░░░░░░░  0.0% (0/1)
Web Bundled 152ms index.ts (1 module)
 LOG  [web] Logs will appear in the browser console
Web .\index.ts ░░░░░░░░░░░░░░░░  0.0% (0/1)
Web Bundled 125ms index.ts (1 module)
 LOG  [web] Logs will appear in the browser console
 ERROR  SyntaxError: C:\Users\jenny\app\shadow-wallet\src\screens\parent\tablet\ParentManageTablet.tsx: Identifier 'allChildren' has already been declared. (899:14)

  897 |     parentProposals,
  898 |     history,
> 899 |     children: allChildren,
      |               ^
  900 |     loading: redemptionLoading,
  901 |     fetchAll: refreshRedemption,
  902 |   } = useParentRedemption(familyId);
    at constructor (C:\Users\jenny\app\shadow-wallet\node_modules\@babel\parser\lib\index.js:365:19)
    at TypeScriptParserMixin.raise (C:\Users\jenny\app\shadow-wallet\node_modules\@babel\parser\lib\index.js:6616:19)
    at TypeScriptScopeHandler.checkRedeclarationInScope (C:\Users\jenny\app\shadow-wallet\node_modules\@babel\parser\lib\index.js:1619:19)
    at TypeScriptScopeHandler.declareName (C:\Users\jenny\app\shadow-wallet\node_modules\@babel\parser\lib\index.js:1585:12)
    at TypeScriptScopeHandler.declareName (C:\Users\jenny\app\shadow-wallet\node_modules\@babel\parser\lib\index.js:4892:11)
    at TypeScriptParserMixin.declareNameFromIdentifier (C:\Users\jenny\app\shadow-wallet\node_modules\@babel\parser\lib\index.js:7584:16)
    at TypeScriptParserMixin.checkIdentifier (C:\Users\jenny\app\shadow-wallet\node_modules\@babel\parser\lib\index.js:7580:12)
    at TypeScriptParserMixin.checkLVal (C:\Users\jenny\app\shadow-wallet\node_modules\@babel\parser\lib\index.js:7517:12)
    at TypeScriptParserMixin.checkLVal (C:\Users\jenny\app\shadow-wallet\node_modules\@babel\parser\lib\index.js:7561:12)
    at TypeScriptParserMixin.checkLVal (C:\Users\jenny\app\shadow-wallet\node_modules\@babel\parser\lib\index.js:7557:16)
    at TypeScriptParserMixin.parseVarId (C:\Users\jenny\app\shadow-wallet\node_modules\@babel\parser\lib\index.js:13429:10)
    at TypeScriptParserMixin.parseVarId (C:\Users\jenny\app\shadow-wallet\node_modules\@babel\parser\lib\index.js:9769:11)
    at TypeScriptParserMixin.parseVar (C:\Users\jenny\app\shadow-wallet\node_modules\@babel\parser\lib\index.js:13400:12)
    at TypeScriptParserMixin.parseVarStatement (C:\Users\jenny\app\shadow-wallet\node_modules\@babel\parser\lib\index.js:13247:10)
    at TypeScriptParserMixin.parseVarStatement (C:\Users\jenny\app\shadow-wallet\node_modules\@babel\parser\lib\index.js:9425:31)
    at TypeScriptParserMixin.parseStatementContent (C:\Users\jenny\app\shadow-wallet\node_modules\@babel\parser\lib\index.js:12868:23)
    at TypeScriptParserMixin.parseStatementContent (C:\Users\jenny\app\shadow-wallet\node_modules\@babel\parser\lib\index.js:9525:18)
    at TypeScriptParserMixin.parseStatementLike (C:\Users\jenny\app\shadow-wallet\node_modules\@babel\parser\lib\index.js:12784:17)
    at TypeScriptParserMixin.parseStatementListItem (C:\Users\jenny\app\shadow-wallet\node_modules\@babel\parser\lib\index.js:12764:17)
    at TypeScriptParserMixin.parseBlockOrModuleBlockBody (C:\Users\jenny\app\shadow-wallet\node_modules\@babel\parser\lib\index.js:13333:61)
    at TypeScriptParserMixin.parseBlockBody (C:\Users\jenny\app\shadow-wallet\node_modules\@babel\parser\lib\index.js:13326:10)
    at TypeScriptParserMixin.parseBlock (C:\Users\jenny\app\shadow-wallet\node_modules\@babel\parser\lib\index.js:13314:10)
    at TypeScriptParserMixin.parseFunctionBody (C:\Users\jenny\app\shadow-wallet\node_modules\@babel\parser\lib\index.js:12117:24)
    at TypeScriptParserMixin.parseFunctionBodyAndFinish (C:\Users\jenny\app\shadow-wallet\node_modules\@babel\parser\lib\index.js:12103:10)
    at TypeScriptParserMixin.parseFunctionBodyAndFinish (C:\Users\jenny\app\shadow-wallet\node_modules\@babel\parser\lib\index.js:9189:18)
    at C:\Users\jenny\app\shadow-wallet\node_modules\@babel\parser\lib\index.js:13462:12
    at TypeScriptParserMixin.withSmartMixTopicForbiddingContext (C:\Users\jenny\app\shadow-wallet\node_modules\@babel\parser\lib\index.js:12420:14)
    at TypeScriptParserMixin.parseFunction (C:\Users\jenny\app\shadow-wallet\node_modules\@babel\parser\lib\index.js:13461:10)
    at TypeScriptParserMixin.parseExportDefaultExpression (C:\Users\jenny\app\shadow-wallet\node_modules\@babel\parser\lib\index.js:13924:19)
    at TypeScriptParserMixin.parseExportDefaultExpression (C:\Users\jenny\app\shadow-wallet\node_modules\@babel\parser\lib\index.js:9419:18)
    at TypeScriptParserMixin.parseExport (C:\Users\jenny\app\shadow-wallet\node_modules\@babel\parser\lib\index.js:13845:25)
    at TypeScriptParserMixin.parseExport (C:\Users\jenny\app\shadow-wallet\node_modules\@babel\parser\lib\index.js:9402:20)
    at TypeScriptParserMixin.parseStatementContent (C:\Users\jenny\app\shadow-wallet\node_modules\@babel\parser\lib\index.js:12895:27)
    at TypeScriptParserMixin.parseStatementContent (C:\Users\jenny\app\shadow-wallet\node_modules\@babel\parser\lib\index.js:9525:18)
    at TypeScriptParserMixin.parseStatementLike (C:\Users\jenny\app\shadow-wallet\node_modules\@babel\parser\lib\index.js:12784:17)
    at TypeScriptParserMixin.parseModuleItem (C:\Users\jenny\app\shadow-wallet\node_modules\@babel\parser\lib\index.js:12761:17)
    at TypeScriptParserMixin.parseBlockOrModuleBlockBody (C:\Users\jenny\app\shadow-wallet\node_modules\@babel\parser\lib\index.js:13333:36)
    at TypeScriptParserMixin.parseBlockBody (C:\Users\jenny\app\shadow-wallet\node_modules\@babel\parser\lib\index.js:13326:10)
    at TypeScriptParserMixin.parseProgram (C:\Users\jenny\app\shadow-wallet\node_modules\@babel\parser\lib\index.js:12639:10)
    at TypeScriptParserMixin.parseTopLevel (C:\Users\jenny\app\shadow-wallet\node_modules\@babel\parser\lib\index.js:12629:25)
    at TypeScriptParserMixin.parse (C:\Users\jenny\app\shadow-wallet\node_modules\@babel\parser\lib\index.js:14505:25)
    at TypeScriptParserMixin.parse (C:\Users\jenny\app\shadow-wallet\node_modules\@babel\parser\lib\index.js:10143:18)
    at parse (C:\Users\jenny\app\shadow-wallet\node_modules\@babel\parser\lib\index.js:14518:26)
    at parser (C:\Users\jenny\app\shadow-wallet\node_modules\@babel\core\lib\parser\index.js:41:34)
    at parser.next (<anonymous>)
    at normalizeFile (C:\Users\jenny\app\shadow-wallet\node_modules\@babel\core\lib\transformation\normalize-file.js:64:37)
    at normalizeFile.next (<anonymous>)
    at run (C:\Users\jenny\app\shadow-wallet\node_modules\@babel\core\lib\transformation\index.js:22:50)
    at run.next (<anonymous>)
    at transform (C:\Users\jenny\app\shadow-wallet\node_modules\@babel\core\lib\transform.js:22:33)
 ERROR  SyntaxError: C:\Users\jenny\app\shadow-wallet\src\screens\parent\tablet\ParentManageTablet.tsx: Unexpected token, expected "}" (1044:8)

  1042 |
  1043 | const s = StyleSheet.create({
> 1044 |   screen: {
       |         ^
  1045 |     flex: 1,
  1046 |     backgroundColor: ParentColors.bgCanvas,
  1047 |   },
    at constructor (C:\Users\jenny\app\shadow-wallet\node_modules\@babel\parser\lib\index.js:365:19)
    at TypeScriptParserMixin.raise (C:\Users\jenny\app\shadow-wallet\node_modules\@babel\parser\lib\index.js:6616:19)
    at TypeScriptParserMixin.unexpected (C:\Users\jenny\app\shadow-wallet\node_modules\@babel\parser\lib\index.js:6636:16)
    at TypeScriptParserMixin.expect (C:\Users\jenny\app\shadow-wallet\node_modules\@babel\parser\lib\index.js:6916:12)
    at TypeScriptParserMixin.jsxParseExpressionContainer (C:\Users\jenny\app\shadow-wallet\node_modules\@babel\parser\lib\index.js:4649:10)
    at TypeScriptParserMixin.jsxParseElementAt (C:\Users\jenny\app\shadow-wallet\node_modules\@babel\parser\lib\index.js:4723:36)
    at TypeScriptParserMixin.jsxParseElementAt (C:\Users\jenny\app\shadow-wallet\node_modules\@babel\parser\lib\index.js:4710:32)
    at TypeScriptParserMixin.jsxParseElement (C:\Users\jenny\app\shadow-wallet\node_modules\@babel\parser\lib\index.js:4761:17)
    at TypeScriptParserMixin.parseExprAtom (C:\Users\jenny\app\shadow-wallet\node_modules\@babel\parser\lib\index.js:4771:19)
    at TypeScriptParserMixin.parseExprSubscripts (C:\Users\jenny\app\shadow-wallet\node_modules\@babel\parser\lib\index.js:11098:23)
    at TypeScriptParserMixin.parseUpdate (C:\Users\jenny\app\shadow-wallet\node_modules\@babel\parser\lib\index.js:11083:21)
    at TypeScriptParserMixin.parseMaybeUnary (C:\Users\jenny\app\shadow-wallet\node_modules\@babel\parser\lib\index.js:11063:23)
    at TypeScriptParserMixin.parseMaybeUnary (C:\Users\jenny\app\shadow-wallet\node_modules\@babel\parser\lib\index.js:9854:18)
    at TypeScriptParserMixin.parseMaybeUnaryOrPrivate (C:\Users\jenny\app\shadow-wallet\node_modules\@babel\parser\lib\index.js:10916:61)
    at TypeScriptParserMixin.parseExprOps (C:\Users\jenny\app\shadow-wallet\node_modules\@babel\parser\lib\index.js:10921:23)
    at TypeScriptParserMixin.parseMaybeConditional (C:\Users\jenny\app\shadow-wallet\node_modules\@babel\parser\lib\index.js:10898:23)
    at TypeScriptParserMixin.parseMaybeAssign (C:\Users\jenny\app\shadow-wallet\node_modules\@babel\parser\lib\index.js:10848:21)
    at C:\Users\jenny\app\shadow-wallet\node_modules\@babel\parser\lib\index.js:9792:39
    at TypeScriptParserMixin.tryParse (C:\Users\jenny\app\shadow-wallet\node_modules\@babel\parser\lib\index.js:6924:20)
    at TypeScriptParserMixin.parseMaybeAssign (C:\Users\jenny\app\shadow-wallet\node_modules\@babel\parser\lib\index.js:9792:18)
    at C:\Users\jenny\app\shadow-wallet\node_modules\@babel\parser\lib\index.js:10817:39
    at TypeScriptParserMixin.allowInAnd (C:\Users\jenny\app\shadow-wallet\node_modules\@babel\parser\lib\index.js:12443:12)
    at TypeScriptParserMixin.parseMaybeAssignAllowIn (C:\Users\jenny\app\shadow-wallet\node_modules\@babel\parser\lib\index.js:10817:17)
    at TypeScriptParserMixin.parseMaybeAssignAllowInOrVoidPattern (C:\Users\jenny\app\shadow-wallet\node_modules\@babel\parser\lib\index.js:12510:17)
    at TypeScriptParserMixin.parseParenAndDistinguishExpression (C:\Users\jenny\app\shadow-wallet\node_modules\@babel\parser\lib\index.js:11692:28)
    at TypeScriptParserMixin.parseExprAtom (C:\Users\jenny\app\shadow-wallet\node_modules\@babel\parser\lib\index.js:11348:23)
    at TypeScriptParserMixin.parseExprAtom (C:\Users\jenny\app\shadow-wallet\node_modules\@babel\parser\lib\index.js:4776:20)
    at TypeScriptParserMixin.parseExprSubscripts (C:\Users\jenny\app\shadow-wallet\node_modules\@babel\parser\lib\index.js:11098:23)
    at TypeScriptParserMixin.parseUpdate (C:\Users\jenny\app\shadow-wallet\node_modules\@babel\parser\lib\index.js:11083:21)
    at TypeScriptParserMixin.parseMaybeUnary (C:\Users\jenny\app\shadow-wallet\node_modules\@babel\parser\lib\index.js:11063:23)
    at TypeScriptParserMixin.parseMaybeUnary (C:\Users\jenny\app\shadow-wallet\node_modules\@babel\parser\lib\index.js:9854:18)
    at TypeScriptParserMixin.parseMaybeUnaryOrPrivate (C:\Users\jenny\app\shadow-wallet\node_modules\@babel\parser\lib\index.js:10916:61)
    at TypeScriptParserMixin.parseExprOps (C:\Users\jenny\app\shadow-wallet\node_modules\@babel\parser\lib\index.js:10921:23)
    at TypeScriptParserMixin.parseMaybeConditional (C:\Users\jenny\app\shadow-wallet\node_modules\@babel\parser\lib\index.js:10898:23)
    at TypeScriptParserMixin.parseMaybeAssign (C:\Users\jenny\app\shadow-wallet\node_modules\@babel\parser\lib\index.js:10848:21)
    at TypeScriptParserMixin.parseMaybeAssign (C:\Users\jenny\app\shadow-wallet\node_modules\@babel\parser\lib\index.js:9803:20)
    at TypeScriptParserMixin.parseExpressionBase (C:\Users\jenny\app\shadow-wallet\node_modules\@babel\parser\lib\index.js:10801:23)
    at C:\Users\jenny\app\shadow-wallet\node_modules\@babel\parser\lib\index.js:10797:39
    at TypeScriptParserMixin.allowInAnd (C:\Users\jenny\app\shadow-wallet\node_modules\@babel\parser\lib\index.js:12438:16)
    at TypeScriptParserMixin.parseExpression (C:\Users\jenny\app\shadow-wallet\node_modules\@babel\parser\lib\index.js:10797:17)
    at TypeScriptParserMixin.parseReturnStatement (C:\Users\jenny\app\shadow-wallet\node_modules\@babel\parser\lib\index.js:13159:28)
    at TypeScriptParserMixin.parseStatementContent (C:\Users\jenny\app\shadow-wallet\node_modules\@babel\parser\lib\index.js:12815:21)
    at TypeScriptParserMixin.parseStatementContent (C:\Users\jenny\app\shadow-wallet\node_modules\@babel\parser\lib\index.js:9525:18)
    at TypeScriptParserMixin.parseStatementLike (C:\Users\jenny\app\shadow-wallet\node_modules\@babel\parser\lib\index.js:12784:17)
    at TypeScriptParserMixin.parseStatementListItem (C:\Users\jenny\app\shadow-wallet\node_modules\@babel\parser\lib\index.js:12764:17)
    at TypeScriptParserMixin.parseBlockOrModuleBlockBody (C:\Users\jenny\app\shadow-wallet\node_modules\@babel\parser\lib\index.js:13333:61)
    at TypeScriptParserMixin.parseBlockBody (C:\Users\jenny\app\shadow-wallet\node_modules\@babel\parser\lib\index.js:13326:10)
    at TypeScriptParserMixin.parseBlock (C:\Users\jenny\app\shadow-wallet\node_modules\@babel\parser\lib\index.js:13314:10)
    at TypeScriptParserMixin.parseFunctionBody (C:\Users\jenny\app\shadow-wallet\node_modules\@babel\parser\lib\index.js:12117:24)
    at TypeScriptParserMixin.parseFunctionBodyAndFinish (C:\Users\jenny\app\shadow-wallet\node_modules\@babel\parser\lib\index.js:12103:10)
Web .\index.ts ░░░░░░░░░░░░░░░░  0.0% (0/1)
Web Bundled 1992ms index.ts (1 module)
 LOG  [web] Logs will appear in the browser console
Web .\index.ts ░░░░░░░░░░░░░░░░  0.0% (0/1)
Web Bundled 481ms index.ts (1 module)
 LOG  [web] Logs will appear in the browser console
Web .\index.ts ░░░░░░░░░░░░░░░░  0.0% (0/1)
Web Bundled 138ms index.ts (1 module)
 LOG  [web] Logs will appear in the browser console
 ERROR  TypeError: Duplicate declaration "CoinIcon"
  147 | }
  148 |
> 149 | function CoinIcon({ size = 16, color = ParentColors.success }: { size?: number; color?: string }) {
      |          ^^^^^^^^
  150 |   return (
  151 |     <Svg width={size} height={size} viewBox="0 0 24 24" fill="none">
  152 |       <Circle cx={12} cy={12} r={8.2} stroke={color} strokeWidth={1.7} />
    at File.buildCodeFrameError (C:\Users\jenny\app\shadow-wallet\node_modules\@babel\core\lib\transformation\file\file.js:189:12)
    at Scope.checkBlockScopedCollisions (C:\Users\jenny\app\shadow-wallet\node_modules\@babel\traverse\lib\scope\index.js:433:27)
    at Scope.registerBinding (C:\Users\jenny\app\shadow-wallet\node_modules\@babel\traverse\lib\scope\index.js:530:16)
    at Scope.registerDeclaration (C:\Users\jenny\app\shadow-wallet\node_modules\@babel\traverse\lib\scope\index.js:475:12)
    at Object.BlockScoped (C:\Users\jenny\app\shadow-wallet\node_modules\@babel\traverse\lib\scope\index.js:276:12)
    at Object.newFn (C:\Users\jenny\app\shadow-wallet\node_modules\@babel\traverse\lib\visitors.js:203:17)
    at NodePath._call (C:\Users\jenny\app\shadow-wallet\node_modules\@babel\traverse\lib\path\context.js:50:20)
    at NodePath.call (C:\Users\jenny\app\shadow-wallet\node_modules\@babel\traverse\lib\path\context.js:40:18)
    at NodePath.visit (C:\Users\jenny\app\shadow-wallet\node_modules\@babel\traverse\lib\path\context.js:87:31)
    at TraversalContext.visitQueue (C:\Users\jenny\app\shadow-wallet\node_modules\@babel\traverse\lib\context.js:96:16)
    at TraversalContext.visitMultiple (C:\Users\jenny\app\shadow-wallet\node_modules\@babel\traverse\lib\context.js:68:17)
    at TraversalContext.visit (C:\Users\jenny\app\shadow-wallet\node_modules\@babel\traverse\lib\context.js:117:19)
    at traverseNode (C:\Users\jenny\app\shadow-wallet\node_modules\@babel\traverse\lib\traverse-node.js:130:17)
    at traverse (C:\Users\jenny\app\shadow-wallet\node_modules\@babel\traverse\lib\index.js:53:34)
    at NodePath.traverse (C:\Users\jenny\app\shadow-wallet\node_modules\@babel\traverse\lib\path\index.js:120:24)
    at Scope.crawl (C:\Users\jenny\app\shadow-wallet\node_modules\@babel\traverse\lib\scope\index.js:695:10)
    at Scope.init (C:\Users\jenny\app\shadow-wallet\node_modules\@babel\traverse\lib\scope\index.js:661:12)
    at NodePath.setScope (C:\Users\jenny\app\shadow-wallet\node_modules\@babel\traverse\lib\path\context.js:139:55)
    at NodePath.setContext (C:\Users\jenny\app\shadow-wallet\node_modules\@babel\traverse\lib\path\context.js:151:12)
    at new File (C:\Users\jenny\app\shadow-wallet\node_modules\@babel\core\lib\transformation\file\file.js:80:8)
    at normalizeFile (C:\Users\jenny\app\shadow-wallet\node_modules\@babel\core\lib\transformation\normalize-file.js:96:10)
    at normalizeFile.next (<anonymous>)
    at run (C:\Users\jenny\app\shadow-wallet\node_modules\@babel\core\lib\transformation\index.js:22:50)
    at run.next (<anonymous>)
    at transform (C:\Users\jenny\app\shadow-wallet\node_modules\@babel\core\lib\transform.js:22:33)
    at transform.next (<anonymous>)
    at evaluateSync (C:\Users\jenny\app\shadow-wallet\node_modules\gensync\index.js:251:28)
    at sync (C:\Users\jenny\app\shadow-wallet\node_modules\gensync\index.js:89:14)
    at stopHiding - secret - don't use this - v1 (C:\Users\jenny\app\shadow-wallet\node_modules\@babel\core\lib\errors\rewrite-stack-trace.js:47:12)
    at Object.transformSync (C:\Users\jenny\app\shadow-wallet\node_modules\@babel\core\lib\transform.js:40:76)
    at parseWithBabel (C:\Users\jenny\app\shadow-wallet\node_modules\@expo\metro-config\build\transformSync.js:75:18)
    at transformSync (C:\Users\jenny\app\shadow-wallet\node_modules\@expo\metro-config\build\transformSync.js:54:16)
    at Object.transform (C:\Users\jenny\app\shadow-wallet\node_modules\@expo\metro-config\build\babel-transformer.js:127:58)
    at transformJSWithBabel (C:\Users\jenny\app\shadow-wallet\node_modules\@expo\metro-config\build\transform-worker\metro-transform-worker.js:468:47)
    at Object.transform (C:\Users\jenny\app\shadow-wallet\node_modules\@expo\metro-config\build\transform-worker\metro-transform-worker.js:583:12)
    at Object.transform (C:\Users\jenny\app\shadow-wallet\node_modules\@expo\metro-config\build\transform-worker\transform-worker.js:178:19)
    at transformFile (C:\Users\jenny\app\shadow-wallet\node_modules\metro\src\DeltaBundler\Worker.flow.js:67:36)
    at Object.transform (C:\Users\jenny\app\shadow-wallet\node_modules\metro\src\DeltaBundler\Worker.flow.js:42:10)
    at execFunction (C:\Users\jenny\app\shadow-wallet\node_modules\jest-worker\build\workers\processChild.js:149:17)
    at execHelper (C:\Users\jenny\app\shadow-wallet\node_modules\jest-worker\build\workers\processChild.js:137:5)
    at execMethod (C:\Users\jenny\app\shadow-wallet\node_modules\jest-worker\build\workers\processChild.js:140:5)
    at process.messageListener (C:\Users\jenny\app\shadow-wallet\node_modules\jest-worker\build\workers\processChild.js:44:7)
    at process.emit (node:events:524:28)
    at emit (node:internal/child_process:949:14)
 ERROR  TypeError: Duplicate declaration "CoinIcon"
  139 | }
  140 |
> 141 | function CoinIcon({ size = 16, color = ParentColors.success }: { size?: number; color?: string }) {
      |          ^^^^^^^^
  142 |   return (
  143 |     <Svg width={size} height={size} viewBox="0 0 24 24" fill="none">
  144 |       <Circle cx={12} cy={12} r={8.2} stroke={color} strokeWidth={1.7} />
    at File.buildCodeFrameError (C:\Users\jenny\app\shadow-wallet\node_modules\@babel\core\lib\transformation\file\file.js:189:12)
    at Scope.checkBlockScopedCollisions (C:\Users\jenny\app\shadow-wallet\node_modules\@babel\traverse\lib\scope\index.js:433:27)
    at Scope.registerBinding (C:\Users\jenny\app\shadow-wallet\node_modules\@babel\traverse\lib\scope\index.js:530:16)
    at Scope.registerDeclaration (C:\Users\jenny\app\shadow-wallet\node_modules\@babel\traverse\lib\scope\index.js:475:12)
    at Object.BlockScoped (C:\Users\jenny\app\shadow-wallet\node_modules\@babel\traverse\lib\scope\index.js:276:12)
    at Object.newFn (C:\Users\jenny\app\shadow-wallet\node_modules\@babel\traverse\lib\visitors.js:203:17)
    at NodePath._call (C:\Users\jenny\app\shadow-wallet\node_modules\@babel\traverse\lib\path\context.js:50:20)
    at NodePath.call (C:\Users\jenny\app\shadow-wallet\node_modules\@babel\traverse\lib\path\context.js:40:18)
    at NodePath.visit (C:\Users\jenny\app\shadow-wallet\node_modules\@babel\traverse\lib\path\context.js:87:31)
    at TraversalContext.visitQueue (C:\Users\jenny\app\shadow-wallet\node_modules\@babel\traverse\lib\context.js:96:16)
    at TraversalContext.visitMultiple (C:\Users\jenny\app\shadow-wallet\node_modules\@babel\traverse\lib\context.js:68:17)
    at TraversalContext.visit (C:\Users\jenny\app\shadow-wallet\node_modules\@babel\traverse\lib\context.js:117:19)
    at traverseNode (C:\Users\jenny\app\shadow-wallet\node_modules\@babel\traverse\lib\traverse-node.js:130:17)
    at traverse (C:\Users\jenny\app\shadow-wallet\node_modules\@babel\traverse\lib\index.js:53:34)
    at NodePath.traverse (C:\Users\jenny\app\shadow-wallet\node_modules\@babel\traverse\lib\path\index.js:120:24)
    at Scope.crawl (C:\Users\jenny\app\shadow-wallet\node_modules\@babel\traverse\lib\scope\index.js:695:10)
    at Scope.init (C:\Users\jenny\app\shadow-wallet\node_modules\@babel\traverse\lib\scope\index.js:661:12)
    at NodePath.setScope (C:\Users\jenny\app\shadow-wallet\node_modules\@babel\traverse\lib\path\context.js:139:55)
    at NodePath.setContext (C:\Users\jenny\app\shadow-wallet\node_modules\@babel\traverse\lib\path\context.js:151:12)
    at new File (C:\Users\jenny\app\shadow-wallet\node_modules\@babel\core\lib\transformation\file\file.js:80:8)
    at normalizeFile (C:\Users\jenny\app\shadow-wallet\node_modules\@babel\core\lib\transformation\normalize-file.js:96:10)
    at normalizeFile.next (<anonymous>)
    at run (C:\Users\jenny\app\shadow-wallet\node_modules\@babel\core\lib\transformation\index.js:22:50)
    at run.next (<anonymous>)
    at transform (C:\Users\jenny\app\shadow-wallet\node_modules\@babel\core\lib\transform.js:22:33)
    at transform.next (<anonymous>)
    at evaluateSync (C:\Users\jenny\app\shadow-wallet\node_modules\gensync\index.js:251:28)
    at sync (C:\Users\jenny\app\shadow-wallet\node_modules\gensync\index.js:89:14)
    at stopHiding - secret - don't use this - v1 (C:\Users\jenny\app\shadow-wallet\node_modules\@babel\core\lib\errors\rewrite-stack-trace.js:47:12)
    at Object.transformSync (C:\Users\jenny\app\shadow-wallet\node_modules\@babel\core\lib\transform.js:40:76)
    at parseWithBabel (C:\Users\jenny\app\shadow-wallet\node_modules\@expo\metro-config\build\transformSync.js:75:18)
    at transformSync (C:\Users\jenny\app\shadow-wallet\node_modules\@expo\metro-config\build\transformSync.js:54:16)
    at Object.transform (C:\Users\jenny\app\shadow-wallet\node_modules\@expo\metro-config\build\babel-transformer.js:127:58)
    at transformJSWithBabel (C:\Users\jenny\app\shadow-wallet\node_modules\@expo\metro-config\build\transform-worker\metro-transform-worker.js:468:47)
    at Object.transform (C:\Users\jenny\app\shadow-wallet\node_modules\@expo\metro-config\build\transform-worker\metro-transform-worker.js:583:12)
    at Object.transform (C:\Users\jenny\app\shadow-wallet\node_modules\@expo\metro-config\build\transform-worker\transform-worker.js:178:19)
    at transformFile (C:\Users\jenny\app\shadow-wallet\node_modules\metro\src\DeltaBundler\Worker.flow.js:67:36)
    at Object.transform (C:\Users\jenny\app\shadow-wallet\node_modules\metro\src\DeltaBundler\Worker.flow.js:42:10)
    at execFunction (C:\Users\jenny\app\shadow-wallet\node_modules\jest-worker\build\workers\processChild.js:149:17)
    at execHelper (C:\Users\jenny\app\shadow-wallet\node_modules\jest-worker\build\workers\processChild.js:137:5)
    at execMethod (C:\Users\jenny\app\shadow-wallet\node_modules\jest-worker\build\workers\processChild.js:140:5)
    at process.messageListener (C:\Users\jenny\app\shadow-wallet\node_modules\jest-worker\build\workers\processChild.js:44:7)
    at process.emit (node:events:524:28)
    at emit (node:internal/child_process:949:14)
 ERROR  SyntaxError: C:\Users\jenny\app\shadow-wallet\src\screens\parent\tablet\ParentHomeTablet.tsx: Unexpected token, expected "}" (2917:6)

  2915 | const styles = StyleSheet.create({
  2916 |   // ── Root & loading ──
> 2917 |   root: {
       |       ^
  2918 |     flex: 1,
  2919 |     backgroundColor: ParentColors.bgCanvas,
  2920 |   },
    at constructor (C:\Users\jenny\app\shadow-wallet\node_modules\@babel\parser\lib\index.js:365:19)
    at TypeScriptParserMixin.raise (C:\Users\jenny\app\shadow-wallet\node_modules\@babel\parser\lib\index.js:6616:19)
    at TypeScriptParserMixin.unexpected (C:\Users\jenny\app\shadow-wallet\node_modules\@babel\parser\lib\index.js:6636:16)
    at TypeScriptParserMixin.expect (C:\Users\jenny\app\shadow-wallet\node_modules\@babel\parser\lib\index.js:6916:12)
    at TypeScriptParserMixin.jsxParseExpressionContainer (C:\Users\jenny\app\shadow-wallet\node_modules\@babel\parser\lib\index.js:4649:10)
    at TypeScriptParserMixin.jsxParseElementAt (C:\Users\jenny\app\shadow-wallet\node_modules\@babel\parser\lib\index.js:4723:36)
    at TypeScriptParserMixin.jsxParseElement (C:\Users\jenny\app\shadow-wallet\node_modules\@babel\parser\lib\index.js:4761:17)
    at TypeScriptParserMixin.parseExprAtom (C:\Users\jenny\app\shadow-wallet\node_modules\@babel\parser\lib\index.js:4771:19)
    at TypeScriptParserMixin.parseExprSubscripts (C:\Users\jenny\app\shadow-wallet\node_modules\@babel\parser\lib\index.js:11098:23)
    at TypeScriptParserMixin.parseUpdate (C:\Users\jenny\app\shadow-wallet\node_modules\@babel\parser\lib\index.js:11083:21)
    at TypeScriptParserMixin.parseMaybeUnary (C:\Users\jenny\app\shadow-wallet\node_modules\@babel\parser\lib\index.js:11063:23)
    at TypeScriptParserMixin.parseMaybeUnary (C:\Users\jenny\app\shadow-wallet\node_modules\@babel\parser\lib\index.js:9854:18)
    at TypeScriptParserMixin.parseMaybeUnaryOrPrivate (C:\Users\jenny\app\shadow-wallet\node_modules\@babel\parser\lib\index.js:10916:61)
    at TypeScriptParserMixin.parseExprOps (C:\Users\jenny\app\shadow-wallet\node_modules\@babel\parser\lib\index.js:10921:23)
    at TypeScriptParserMixin.parseMaybeConditional (C:\Users\jenny\app\shadow-wallet\node_modules\@babel\parser\lib\index.js:10898:23)
    at TypeScriptParserMixin.parseMaybeAssign (C:\Users\jenny\app\shadow-wallet\node_modules\@babel\parser\lib\index.js:10848:21)
    at C:\Users\jenny\app\shadow-wallet\node_modules\@babel\parser\lib\index.js:9792:39
    at TypeScriptParserMixin.tryParse (C:\Users\jenny\app\shadow-wallet\node_modules\@babel\parser\lib\index.js:6924:20)
    at TypeScriptParserMixin.parseMaybeAssign (C:\Users\jenny\app\shadow-wallet\node_modules\@babel\parser\lib\index.js:9792:18)
    at C:\Users\jenny\app\shadow-wallet\node_modules\@babel\parser\lib\index.js:10817:39
    at TypeScriptParserMixin.allowInAnd (C:\Users\jenny\app\shadow-wallet\node_modules\@babel\parser\lib\index.js:12443:12)
    at TypeScriptParserMixin.parseMaybeAssignAllowIn (C:\Users\jenny\app\shadow-wallet\node_modules\@babel\parser\lib\index.js:10817:17)
    at TypeScriptParserMixin.parseMaybeAssignAllowInOrVoidPattern (C:\Users\jenny\app\shadow-wallet\node_modules\@babel\parser\lib\index.js:12510:17)
    at TypeScriptParserMixin.parseParenAndDistinguishExpression (C:\Users\jenny\app\shadow-wallet\node_modules\@babel\parser\lib\index.js:11692:28)
    at TypeScriptParserMixin.parseExprAtom (C:\Users\jenny\app\shadow-wallet\node_modules\@babel\parser\lib\index.js:11348:23)
    at TypeScriptParserMixin.parseExprAtom (C:\Users\jenny\app\shadow-wallet\node_modules\@babel\parser\lib\index.js:4776:20)
    at TypeScriptParserMixin.parseExprSubscripts (C:\Users\jenny\app\shadow-wallet\node_modules\@babel\parser\lib\index.js:11098:23)
    at TypeScriptParserMixin.parseUpdate (C:\Users\jenny\app\shadow-wallet\node_modules\@babel\parser\lib\index.js:11083:21)
    at TypeScriptParserMixin.parseMaybeUnary (C:\Users\jenny\app\shadow-wallet\node_modules\@babel\parser\lib\index.js:11063:23)
    at TypeScriptParserMixin.parseMaybeUnary (C:\Users\jenny\app\shadow-wallet\node_modules\@babel\parser\lib\index.js:9854:18)
    at TypeScriptParserMixin.parseMaybeUnaryOrPrivate (C:\Users\jenny\app\shadow-wallet\node_modules\@babel\parser\lib\index.js:10916:61)
    at TypeScriptParserMixin.parseExprOps (C:\Users\jenny\app\shadow-wallet\node_modules\@babel\parser\lib\index.js:10921:23)
    at TypeScriptParserMixin.parseMaybeConditional (C:\Users\jenny\app\shadow-wallet\node_modules\@babel\parser\lib\index.js:10898:23)
    at TypeScriptParserMixin.parseMaybeAssign (C:\Users\jenny\app\shadow-wallet\node_modules\@babel\parser\lib\index.js:10848:21)
    at TypeScriptParserMixin.parseMaybeAssign (C:\Users\jenny\app\shadow-wallet\node_modules\@babel\parser\lib\index.js:9803:20)
    at TypeScriptParserMixin.parseExpressionBase (C:\Users\jenny\app\shadow-wallet\node_modules\@babel\parser\lib\index.js:10801:23)
    at C:\Users\jenny\app\shadow-wallet\node_modules\@babel\parser\lib\index.js:10797:39
    at TypeScriptParserMixin.allowInAnd (C:\Users\jenny\app\shadow-wallet\node_modules\@babel\parser\lib\index.js:12438:16)
    at TypeScriptParserMixin.parseExpression (C:\Users\jenny\app\shadow-wallet\node_modules\@babel\parser\lib\index.js:10797:17)
    at TypeScriptParserMixin.parseReturnStatement (C:\Users\jenny\app\shadow-wallet\node_modules\@babel\parser\lib\index.js:13159:28)
    at TypeScriptParserMixin.parseStatementContent (C:\Users\jenny\app\shadow-wallet\node_modules\@babel\parser\lib\index.js:12815:21)
    at TypeScriptParserMixin.parseStatementContent (C:\Users\jenny\app\shadow-wallet\node_modules\@babel\parser\lib\index.js:9525:18)
    at TypeScriptParserMixin.parseStatementLike (C:\Users\jenny\app\shadow-wallet\node_modules\@babel\parser\lib\index.js:12784:17)
    at TypeScriptParserMixin.parseStatementListItem (C:\Users\jenny\app\shadow-wallet\node_modules\@babel\parser\lib\index.js:12764:17)
    at TypeScriptParserMixin.parseBlockOrModuleBlockBody (C:\Users\jenny\app\shadow-wallet\node_modules\@babel\parser\lib\index.js:13333:61)
    at TypeScriptParserMixin.parseBlockBody (C:\Users\jenny\app\shadow-wallet\node_modules\@babel\parser\lib\index.js:13326:10)
    at TypeScriptParserMixin.parseBlock (C:\Users\jenny\app\shadow-wallet\node_modules\@babel\parser\lib\index.js:13314:10)
    at TypeScriptParserMixin.parseFunctionBody (C:\Users\jenny\app\shadow-wallet\node_modules\@babel\parser\lib\index.js:12117:24)
    at TypeScriptParserMixin.parseFunctionBodyAndFinish (C:\Users\jenny\app\shadow-wallet\node_modules\@babel\parser\lib\index.js:12103:10)
    at TypeScriptParserMixin.parseFunctionBodyAndFinish (C:\Users\jenny\app\shadow-wallet\node_modules\@babel\parser\lib\index.js:9189:18)
 ERROR  SyntaxError: C:\Users\jenny\app\shadow-wallet\src\screens\parent\tablet\ParentHomeTablet.tsx: Unexpected token, expected "}" (2917:6)

  2915 | const styles = StyleSheet.create({
  2916 |   // ── Root & loading ──
> 2917 |   root: {
       |       ^
  2918 |     flex: 1,
  2919 |     backgroundColor: ParentColors.bgCanvas,
  2920 |   },
    at constructor (C:\Users\jenny\app\shadow-wallet\node_modules\@babel\parser\lib\index.js:365:19)
    at TypeScriptParserMixin.raise (C:\Users\jenny\app\shadow-wallet\node_modules\@babel\parser\lib\index.js:6616:19)
    at TypeScriptParserMixin.unexpected (C:\Users\jenny\app\shadow-wallet\node_modules\@babel\parser\lib\index.js:6636:16)
    at TypeScriptParserMixin.expect (C:\Users\jenny\app\shadow-wallet\node_modules\@babel\parser\lib\index.js:6916:12)
    at TypeScriptParserMixin.jsxParseExpressionContainer (C:\Users\jenny\app\shadow-wallet\node_modules\@babel\parser\lib\index.js:4649:10)
    at TypeScriptParserMixin.jsxParseElementAt (C:\Users\jenny\app\shadow-wallet\node_modules\@babel\parser\lib\index.js:4723:36)
    at TypeScriptParserMixin.jsxParseElement (C:\Users\jenny\app\shadow-wallet\node_modules\@babel\parser\lib\index.js:4761:17)
    at TypeScriptParserMixin.parseExprAtom (C:\Users\jenny\app\shadow-wallet\node_modules\@babel\parser\lib\index.js:4771:19)
    at TypeScriptParserMixin.parseExprSubscripts (C:\Users\jenny\app\shadow-wallet\node_modules\@babel\parser\lib\index.js:11098:23)
    at TypeScriptParserMixin.parseUpdate (C:\Users\jenny\app\shadow-wallet\node_modules\@babel\parser\lib\index.js:11083:21)
    at TypeScriptParserMixin.parseMaybeUnary (C:\Users\jenny\app\shadow-wallet\node_modules\@babel\parser\lib\index.js:11063:23)
    at TypeScriptParserMixin.parseMaybeUnary (C:\Users\jenny\app\shadow-wallet\node_modules\@babel\parser\lib\index.js:9854:18)
    at TypeScriptParserMixin.parseMaybeUnaryOrPrivate (C:\Users\jenny\app\shadow-wallet\node_modules\@babel\parser\lib\index.js:10916:61)
    at TypeScriptParserMixin.parseExprOps (C:\Users\jenny\app\shadow-wallet\node_modules\@babel\parser\lib\index.js:10921:23)
    at TypeScriptParserMixin.parseMaybeConditional (C:\Users\jenny\app\shadow-wallet\node_modules\@babel\parser\lib\index.js:10898:23)
    at TypeScriptParserMixin.parseMaybeAssign (C:\Users\jenny\app\shadow-wallet\node_modules\@babel\parser\lib\index.js:10848:21)
    at C:\Users\jenny\app\shadow-wallet\node_modules\@babel\parser\lib\index.js:9792:39
    at TypeScriptParserMixin.tryParse (C:\Users\jenny\app\shadow-wallet\node_modules\@babel\parser\lib\index.js:6924:20)
    at TypeScriptParserMixin.parseMaybeAssign (C:\Users\jenny\app\shadow-wallet\node_modules\@babel\parser\lib\index.js:9792:18)
    at C:\Users\jenny\app\shadow-wallet\node_modules\@babel\parser\lib\index.js:10817:39
    at TypeScriptParserMixin.allowInAnd (C:\Users\jenny\app\shadow-wallet\node_modules\@babel\parser\lib\index.js:12443:12)
    at TypeScriptParserMixin.parseMaybeAssignAllowIn (C:\Users\jenny\app\shadow-wallet\node_modules\@babel\parser\lib\index.js:10817:17)
    at TypeScriptParserMixin.parseMaybeAssignAllowInOrVoidPattern (C:\Users\jenny\app\shadow-wallet\node_modules\@babel\parser\lib\index.js:12510:17)
    at TypeScriptParserMixin.parseParenAndDistinguishExpression (C:\Users\jenny\app\shadow-wallet\node_modules\@babel\parser\lib\index.js:11692:28)
    at TypeScriptParserMixin.parseExprAtom (C:\Users\jenny\app\shadow-wallet\node_modules\@babel\parser\lib\index.js:11348:23)
    at TypeScriptParserMixin.parseExprAtom (C:\Users\jenny\app\shadow-wallet\node_modules\@babel\parser\lib\index.js:4776:20)
    at TypeScriptParserMixin.parseExprSubscripts (C:\Users\jenny\app\shadow-wallet\node_modules\@babel\parser\lib\index.js:11098:23)
    at TypeScriptParserMixin.parseUpdate (C:\Users\jenny\app\shadow-wallet\node_modules\@babel\parser\lib\index.js:11083:21)
    at TypeScriptParserMixin.parseMaybeUnary (C:\Users\jenny\app\shadow-wallet\node_modules\@babel\parser\lib\index.js:11063:23)
    at TypeScriptParserMixin.parseMaybeUnary (C:\Users\jenny\app\shadow-wallet\node_modules\@babel\parser\lib\index.js:9854:18)
    at TypeScriptParserMixin.parseMaybeUnaryOrPrivate (C:\Users\jenny\app\shadow-wallet\node_modules\@babel\parser\lib\index.js:10916:61)
    at TypeScriptParserMixin.parseExprOps (C:\Users\jenny\app\shadow-wallet\node_modules\@babel\parser\lib\index.js:10921:23)
    at TypeScriptParserMixin.parseMaybeConditional (C:\Users\jenny\app\shadow-wallet\node_modules\@babel\parser\lib\index.js:10898:23)
    at TypeScriptParserMixin.parseMaybeAssign (C:\Users\jenny\app\shadow-wallet\node_modules\@babel\parser\lib\index.js:10848:21)
    at TypeScriptParserMixin.parseMaybeAssign (C:\Users\jenny\app\shadow-wallet\node_modules\@babel\parser\lib\index.js:9803:20)
    at TypeScriptParserMixin.parseExpressionBase (C:\Users\jenny\app\shadow-wallet\node_modules\@babel\parser\lib\index.js:10801:23)
    at C:\Users\jenny\app\shadow-wallet\node_modules\@babel\parser\lib\index.js:10797:39
    at TypeScriptParserMixin.allowInAnd (C:\Users\jenny\app\shadow-wallet\node_modules\@babel\parser\lib\index.js:12438:16)
    at TypeScriptParserMixin.parseExpression (C:\Users\jenny\app\shadow-wallet\node_modules\@babel\parser\lib\index.js:10797:17)
    at TypeScriptParserMixin.parseReturnStatement (C:\Users\jenny\app\shadow-wallet\node_modules\@babel\parser\lib\index.js:13159:28)
    at TypeScriptParserMixin.parseStatementContent (C:\Users\jenny\app\shadow-wallet\node_modules\@babel\parser\lib\index.js:12815:21)
    at TypeScriptParserMixin.parseStatementContent (C:\Users\jenny\app\shadow-wallet\node_modules\@babel\parser\lib\index.js:9525:18)
    at TypeScriptParserMixin.parseStatementLike (C:\Users\jenny\app\shadow-wallet\node_modules\@babel\parser\lib\index.js:12784:17)
    at TypeScriptParserMixin.parseStatementListItem (C:\Users\jenny\app\shadow-wallet\node_modules\@babel\parser\lib\index.js:12764:17)
    at TypeScriptParserMixin.parseBlockOrModuleBlockBody (C:\Users\jenny\app\shadow-wallet\node_modules\@babel\parser\lib\index.js:13333:61)
    at TypeScriptParserMixin.parseBlockBody (C:\Users\jenny\app\shadow-wallet\node_modules\@babel\parser\lib\index.js:13326:10)
    at TypeScriptParserMixin.parseBlock (C:\Users\jenny\app\shadow-wallet\node_modules\@babel\parser\lib\index.js:13314:10)
    at TypeScriptParserMixin.parseFunctionBody (C:\Users\jenny\app\shadow-wallet\node_modules\@babel\parser\lib\index.js:12117:24)
    at TypeScriptParserMixin.parseFunctionBodyAndFinish (C:\Users\jenny\app\shadow-wallet\node_modules\@babel\parser\lib\index.js:12103:10)
    at TypeScriptParserMixin.parseFunctionBodyAndFinish (C:\Users\jenny\app\shadow-wallet\node_modules\@babel\parser\lib\index.js:9189:18)
Web .\index.ts ░░░░░░░░░░░░░░░░  0.0% (0/1)
Web Bundled 151ms index.ts (1 module)
 LOG  [web] Logs will appear in the browser console
Web .\index.ts ░░░░░░░░░░░░░░░░  0.0% (0/1)
Web Bundled 130ms index.ts (1 module)
 LOG  [web] Logs will appear in the browser console
Web .\index.ts ░░░░░░░░░░░░░░░░  0.0% (0/1)
Web Bundled 139ms index.ts (1 module)
 LOG  [web] Logs will appear in the browser console
Web .\index.ts ░░░░░░░░░░░░░░░░  0.0% (0/1)
Web Bundled 142ms index.ts (1 module)
 LOG  [web] Logs will appear in the browser console
Web .\index.ts ░░░░░░░░░░░░░░░░  0.0% (0/1)
Web Bundled 145ms index.ts (1 module)
 LOG  [web] Logs will appear in the browser console
Unable to resolve "../../components/BottomNav" from "src\screens\child\HomeScreen.tsx"
[0m [90m 39 |[39m [36mimport[39m { useTodayTasks[33m,[39m type [33mTodayTask[39m } [36mfrom[39m [32m'../../hooks/useTodayTasks'[39m[33m;[39m
 [90m 40 |[39m [36mimport[39m { useWallet } [36mfrom[39m [32m'../../hooks/useWallet'[39m[33m;[39m
[31m[1m>[22m[39m[90m 41 |[39m [36mimport[39m [33mBottomNav[39m [36mfrom[39m [32m'../../components/BottomNav'[39m[33m;[39m
 [90m    |[39m                        [31m[1m^[22m[39m
 [90m 42 |[39m [36mimport[39m [33mTaskCompleteModal[39m [36mfrom[39m [32m'../../components/TaskCompleteModal'[39m[33m;[39m
 [90m 43 |[39m [36mimport[39m [33mFeedbackAnimation[39m[33m,[39m { type [33mFeedbackType[39m } [36mfrom[39m [32m'../../components/FeedbackAnimation'[39m[33m;[39m
 [90m 44 |[39m [36mimport[39m { [33mCoinIcon[39m } [36mfrom[39m [32m'../../components/icons/TaskIcons'[39m[33m;[39m[0m

Import stack:

 src\screens\child\HomeScreen.tsx
 | import "../../components/BottomNav"

 
 | import "./src/screens/child/HomeScreen"

Unable to resolve "./src/screens/child/WalletScreen" from "App.tsx"
[0m [90m 24 |[39m [36mimport[39m [33mLongTermDetailScreen[39m [36mfrom[39m [32m'./src/screens/child/LongTermDetailScreen'[39m[33m;[39m
 [90m 25 |[39m [36mimport[39m [33mProfileScreen[39m [36mfrom[39m [32m'./src/screens/child/ProfileScreen'[39m[33m;[39m
[31m[1m>[22m[39m[90m 26 |[39m [36mimport[39m [33mWalletScreen[39m [36mfrom[39m [32m'./src/screens/child/WalletScreen'[39m[33m;[39m
 [90m    |[39m                           [31m[1m^[22m[39m
 [90m 27 |[39m [36mimport[39m [33mWishScreen[39m [36mfrom[39m [32m'./src/screens/child/WishScreen'[39m[33m;[39m
 [90m 28 |[39m [36mimport[39m [33mObservationHistoryScreen[39m [36mfrom[39m [32m'./src/screens/parent/ObservationHistoryScreen'[39m[33m;[39m
 [90m 29 |[39m [36mimport[39m [33mParentLongTermCreateScreen[39m [36mfrom[39m [32m'./src/screens/parent/ParentLongTermCreateScreen'[39m[33m;[39m[0m

Import stack:

 App.tsx
 | import "./src/screens/child/WalletScreen"

 index.ts
 | import "./App"

 
 | import "./index.ts"

Web .\index.ts ░░░░░░░░░░░░░░░░  0.0% (0/1)
Web Bundled 135ms index.ts (1 module)
 LOG  [web] Logs will appear in the browser console
 ERROR  SyntaxError: C:\Users\jenny\app\shadow-wallet\src\screens\child\WalletScreen.tsx: Expected corresponding JSX closing tag for <ScrollView>. (421:16)

  419 |             </View>
  420 |           </View>
> 421 |                 </View>
      |                 ^
  422 |                 <View style={[styles.jarWrap, isCompactPhone && styles.jarWrapCompact]}>
  423 |                   <CoinJarIllustration size={heroJarSize} />
  424 |                 </View>
    at constructor (C:\Users\jenny\app\shadow-wallet\node_modules\@babel\parser\lib\index.js:365:19)
    at TypeScriptParserMixin.raise (C:\Users\jenny\app\shadow-wallet\node_modules\@babel\parser\lib\index.js:6616:19)
    at TypeScriptParserMixin.jsxParseElementAt (C:\Users\jenny\app\shadow-wallet\node_modules\@babel\parser\lib\index.js:4739:16)
    at TypeScriptParserMixin.jsxParseElementAt (C:\Users\jenny\app\shadow-wallet\node_modules\@babel\parser\lib\index.js:4710:32)
    at TypeScriptParserMixin.jsxParseElementAt (C:\Users\jenny\app\shadow-wallet\node_modules\@babel\parser\lib\index.js:4710:32)
    at TypeScriptParserMixin.jsxParseElement (C:\Users\jenny\app\shadow-wallet\node_modules\@babel\parser\lib\index.js:4761:17)
    at TypeScriptParserMixin.parseExprAtom (C:\Users\jenny\app\shadow-wallet\node_modules\@babel\parser\lib\index.js:4771:19)
    at TypeScriptParserMixin.parseExprSubscripts (C:\Users\jenny\app\shadow-wallet\node_modules\@babel\parser\lib\index.js:11098:23)
    at TypeScriptParserMixin.parseUpdate (C:\Users\jenny\app\shadow-wallet\node_modules\@babel\parser\lib\index.js:11083:21)
    at TypeScriptParserMixin.parseMaybeUnary (C:\Users\jenny\app\shadow-wallet\node_modules\@babel\parser\lib\index.js:11063:23)
    at TypeScriptParserMixin.parseMaybeUnary (C:\Users\jenny\app\shadow-wallet\node_modules\@babel\parser\lib\index.js:9854:18)
    at TypeScriptParserMixin.parseMaybeUnaryOrPrivate (C:\Users\jenny\app\shadow-wallet\node_modules\@babel\parser\lib\index.js:10916:61)
    at TypeScriptParserMixin.parseExprOps (C:\Users\jenny\app\shadow-wallet\node_modules\@babel\parser\lib\index.js:10921:23)
    at TypeScriptParserMixin.parseMaybeConditional (C:\Users\jenny\app\shadow-wallet\node_modules\@babel\parser\lib\index.js:10898:23)
    at TypeScriptParserMixin.parseMaybeAssign (C:\Users\jenny\app\shadow-wallet\node_modules\@babel\parser\lib\index.js:10848:21)
    at C:\Users\jenny\app\shadow-wallet\node_modules\@babel\parser\lib\index.js:9792:39
    at TypeScriptParserMixin.tryParse (C:\Users\jenny\app\shadow-wallet\node_modules\@babel\parser\lib\index.js:6924:20)
    at TypeScriptParserMixin.parseMaybeAssign (C:\Users\jenny\app\shadow-wallet\node_modules\@babel\parser\lib\index.js:9792:18)
    at C:\Users\jenny\app\shadow-wallet\node_modules\@babel\parser\lib\index.js:10817:39
    at TypeScriptParserMixin.allowInAnd (C:\Users\jenny\app\shadow-wallet\node_modules\@babel\parser\lib\index.js:12443:12)
    at TypeScriptParserMixin.parseMaybeAssignAllowIn (C:\Users\jenny\app\shadow-wallet\node_modules\@babel\parser\lib\index.js:10817:17)
    at TypeScriptParserMixin.parseMaybeAssignAllowInOrVoidPattern (C:\Users\jenny\app\shadow-wallet\node_modules\@babel\parser\lib\index.js:12510:17)
    at TypeScriptParserMixin.parseParenAndDistinguishExpression (C:\Users\jenny\app\shadow-wallet\node_modules\@babel\parser\lib\index.js:11692:28)
    at TypeScriptParserMixin.parseExprAtom (C:\Users\jenny\app\shadow-wallet\node_modules\@babel\parser\lib\index.js:11348:23)
    at TypeScriptParserMixin.parseExprAtom (C:\Users\jenny\app\shadow-wallet\node_modules\@babel\parser\lib\index.js:4776:20)
    at TypeScriptParserMixin.parseExprSubscripts (C:\Users\jenny\app\shadow-wallet\node_modules\@babel\parser\lib\index.js:11098:23)
    at TypeScriptParserMixin.parseUpdate (C:\Users\jenny\app\shadow-wallet\node_modules\@babel\parser\lib\index.js:11083:21)
    at TypeScriptParserMixin.parseMaybeUnary (C:\Users\jenny\app\shadow-wallet\node_modules\@babel\parser\lib\index.js:11063:23)
    at TypeScriptParserMixin.parseMaybeUnary (C:\Users\jenny\app\shadow-wallet\node_modules\@babel\parser\lib\index.js:9854:18)
    at TypeScriptParserMixin.parseMaybeUnaryOrPrivate (C:\Users\jenny\app\shadow-wallet\node_modules\@babel\parser\lib\index.js:10916:61)
    at TypeScriptParserMixin.parseExprOps (C:\Users\jenny\app\shadow-wallet\node_modules\@babel\parser\lib\index.js:10921:23)
    at TypeScriptParserMixin.parseMaybeConditional (C:\Users\jenny\app\shadow-wallet\node_modules\@babel\parser\lib\index.js:10898:23)
    at TypeScriptParserMixin.parseMaybeAssign (C:\Users\jenny\app\shadow-wallet\node_modules\@babel\parser\lib\index.js:10848:21)
    at TypeScriptParserMixin.parseMaybeAssign (C:\Users\jenny\app\shadow-wallet\node_modules\@babel\parser\lib\index.js:9803:20)
    at TypeScriptParserMixin.parseExpressionBase (C:\Users\jenny\app\shadow-wallet\node_modules\@babel\parser\lib\index.js:10801:23)
    at C:\Users\jenny\app\shadow-wallet\node_modules\@babel\parser\lib\index.js:10797:39
    at TypeScriptParserMixin.allowInAnd (C:\Users\jenny\app\shadow-wallet\node_modules\@babel\parser\lib\index.js:12438:16)
    at TypeScriptParserMixin.parseExpression (C:\Users\jenny\app\shadow-wallet\node_modules\@babel\parser\lib\index.js:10797:17)
    at TypeScriptParserMixin.parseReturnStatement (C:\Users\jenny\app\shadow-wallet\node_modules\@babel\parser\lib\index.js:13159:28)
    at TypeScriptParserMixin.parseStatementContent (C:\Users\jenny\app\shadow-wallet\node_modules\@babel\parser\lib\index.js:12815:21)
    at TypeScriptParserMixin.parseStatementContent (C:\Users\jenny\app\shadow-wallet\node_modules\@babel\parser\lib\index.js:9525:18)
    at TypeScriptParserMixin.parseStatementLike (C:\Users\jenny\app\shadow-wallet\node_modules\@babel\parser\lib\index.js:12784:17)
    at TypeScriptParserMixin.parseStatementListItem (C:\Users\jenny\app\shadow-wallet\node_modules\@babel\parser\lib\index.js:12764:17)
    at TypeScriptParserMixin.parseBlockOrModuleBlockBody (C:\Users\jenny\app\shadow-wallet\node_modules\@babel\parser\lib\index.js:13333:61)
    at TypeScriptParserMixin.parseBlockBody (C:\Users\jenny\app\shadow-wallet\node_modules\@babel\parser\lib\index.js:13326:10)
    at TypeScriptParserMixin.parseBlock (C:\Users\jenny\app\shadow-wallet\node_modules\@babel\parser\lib\index.js:13314:10)
    at TypeScriptParserMixin.parseFunctionBody (C:\Users\jenny\app\shadow-wallet\node_modules\@babel\parser\lib\index.js:12117:24)
    at TypeScriptParserMixin.parseFunctionBodyAndFinish (C:\Users\jenny\app\shadow-wallet\node_modules\@babel\parser\lib\index.js:12103:10)
    at TypeScriptParserMixin.parseFunctionBodyAndFinish (C:\Users\jenny\app\shadow-wallet\node_modules\@babel\parser\lib\index.js:9189:18)
    at C:\Users\jenny\app\shadow-wallet\node_modules\@babel\parser\lib\index.js:13462:12
 ERROR  SyntaxError: C:\Users\jenny\app\shadow-wallet\src\screens\child\WalletScreen.tsx: Expected corresponding JSX closing tag for <ScrollView>. (421:16)

  419 |             </View>
  420 |           </View>
> 421 |                 </View>
      |                 ^
  422 |                 <View style={[styles.jarWrap, isCompactPhone && styles.jarWrapCompact]}>
  423 |                   <CoinJarIllustration size={heroJarSize} />
  424 |                 </View>
    at constructor (C:\Users\jenny\app\shadow-wallet\node_modules\@babel\parser\lib\index.js:365:19)
    at TypeScriptParserMixin.raise (C:\Users\jenny\app\shadow-wallet\node_modules\@babel\parser\lib\index.js:6616:19)
    at TypeScriptParserMixin.jsxParseElementAt (C:\Users\jenny\app\shadow-wallet\node_modules\@babel\parser\lib\index.js:4739:16)
    at TypeScriptParserMixin.jsxParseElementAt (C:\Users\jenny\app\shadow-wallet\node_modules\@babel\parser\lib\index.js:4710:32)
    at TypeScriptParserMixin.jsxParseElementAt (C:\Users\jenny\app\shadow-wallet\node_modules\@babel\parser\lib\index.js:4710:32)
    at TypeScriptParserMixin.jsxParseElement (C:\Users\jenny\app\shadow-wallet\node_modules\@babel\parser\lib\index.js:4761:17)
    at TypeScriptParserMixin.parseExprAtom (C:\Users\jenny\app\shadow-wallet\node_modules\@babel\parser\lib\index.js:4771:19)
    at TypeScriptParserMixin.parseExprSubscripts (C:\Users\jenny\app\shadow-wallet\node_modules\@babel\parser\lib\index.js:11098:23)
    at TypeScriptParserMixin.parseUpdate (C:\Users\jenny\app\shadow-wallet\node_modules\@babel\parser\lib\index.js:11083:21)
    at TypeScriptParserMixin.parseMaybeUnary (C:\Users\jenny\app\shadow-wallet\node_modules\@babel\parser\lib\index.js:11063:23)
    at TypeScriptParserMixin.parseMaybeUnary (C:\Users\jenny\app\shadow-wallet\node_modules\@babel\parser\lib\index.js:9854:18)
    at TypeScriptParserMixin.parseMaybeUnaryOrPrivate (C:\Users\jenny\app\shadow-wallet\node_modules\@babel\parser\lib\index.js:10916:61)
    at TypeScriptParserMixin.parseExprOps (C:\Users\jenny\app\shadow-wallet\node_modules\@babel\parser\lib\index.js:10921:23)
    at TypeScriptParserMixin.parseMaybeConditional (C:\Users\jenny\app\shadow-wallet\node_modules\@babel\parser\lib\index.js:10898:23)
    at TypeScriptParserMixin.parseMaybeAssign (C:\Users\jenny\app\shadow-wallet\node_modules\@babel\parser\lib\index.js:10848:21)
    at C:\Users\jenny\app\shadow-wallet\node_modules\@babel\parser\lib\index.js:9792:39
    at TypeScriptParserMixin.tryParse (C:\Users\jenny\app\shadow-wallet\node_modules\@babel\parser\lib\index.js:6924:20)
    at TypeScriptParserMixin.parseMaybeAssign (C:\Users\jenny\app\shadow-wallet\node_modules\@babel\parser\lib\index.js:9792:18)
    at C:\Users\jenny\app\shadow-wallet\node_modules\@babel\parser\lib\index.js:10817:39
    at TypeScriptParserMixin.allowInAnd (C:\Users\jenny\app\shadow-wallet\node_modules\@babel\parser\lib\index.js:12443:12)
    at TypeScriptParserMixin.parseMaybeAssignAllowIn (C:\Users\jenny\app\shadow-wallet\node_modules\@babel\parser\lib\index.js:10817:17)
    at TypeScriptParserMixin.parseMaybeAssignAllowInOrVoidPattern (C:\Users\jenny\app\shadow-wallet\node_modules\@babel\parser\lib\index.js:12510:17)
    at TypeScriptParserMixin.parseParenAndDistinguishExpression (C:\Users\jenny\app\shadow-wallet\node_modules\@babel\parser\lib\index.js:11692:28)
    at TypeScriptParserMixin.parseExprAtom (C:\Users\jenny\app\shadow-wallet\node_modules\@babel\parser\lib\index.js:11348:23)
    at TypeScriptParserMixin.parseExprAtom (C:\Users\jenny\app\shadow-wallet\node_modules\@babel\parser\lib\index.js:4776:20)
    at TypeScriptParserMixin.parseExprSubscripts (C:\Users\jenny\app\shadow-wallet\node_modules\@babel\parser\lib\index.js:11098:23)
    at TypeScriptParserMixin.parseUpdate (C:\Users\jenny\app\shadow-wallet\node_modules\@babel\parser\lib\index.js:11083:21)
    at TypeScriptParserMixin.parseMaybeUnary (C:\Users\jenny\app\shadow-wallet\node_modules\@babel\parser\lib\index.js:11063:23)
    at TypeScriptParserMixin.parseMaybeUnary (C:\Users\jenny\app\shadow-wallet\node_modules\@babel\parser\lib\index.js:9854:18)
    at TypeScriptParserMixin.parseMaybeUnaryOrPrivate (C:\Users\jenny\app\shadow-wallet\node_modules\@babel\parser\lib\index.js:10916:61)
    at TypeScriptParserMixin.parseExprOps (C:\Users\jenny\app\shadow-wallet\node_modules\@babel\parser\lib\index.js:10921:23)
    at TypeScriptParserMixin.parseMaybeConditional (C:\Users\jenny\app\shadow-wallet\node_modules\@babel\parser\lib\index.js:10898:23)
    at TypeScriptParserMixin.parseMaybeAssign (C:\Users\jenny\app\shadow-wallet\node_modules\@babel\parser\lib\index.js:10848:21)
    at TypeScriptParserMixin.parseMaybeAssign (C:\Users\jenny\app\shadow-wallet\node_modules\@babel\parser\lib\index.js:9803:20)
    at TypeScriptParserMixin.parseExpressionBase (C:\Users\jenny\app\shadow-wallet\node_modules\@babel\parser\lib\index.js:10801:23)
    at C:\Users\jenny\app\shadow-wallet\node_modules\@babel\parser\lib\index.js:10797:39
    at TypeScriptParserMixin.allowInAnd (C:\Users\jenny\app\shadow-wallet\node_modules\@babel\parser\lib\index.js:12438:16)
    at TypeScriptParserMixin.parseExpression (C:\Users\jenny\app\shadow-wallet\node_modules\@babel\parser\lib\index.js:10797:17)
    at TypeScriptParserMixin.parseReturnStatement (C:\Users\jenny\app\shadow-wallet\node_modules\@babel\parser\lib\index.js:13159:28)
    at TypeScriptParserMixin.parseStatementContent (C:\Users\jenny\app\shadow-wallet\node_modules\@babel\parser\lib\index.js:12815:21)
    at TypeScriptParserMixin.parseStatementContent (C:\Users\jenny\app\shadow-wallet\node_modules\@babel\parser\lib\index.js:9525:18)
    at TypeScriptParserMixin.parseStatementLike (C:\Users\jenny\app\shadow-wallet\node_modules\@babel\parser\lib\index.js:12784:17)
    at TypeScriptParserMixin.parseStatementListItem (C:\Users\jenny\app\shadow-wallet\node_modules\@babel\parser\lib\index.js:12764:17)
    at TypeScriptParserMixin.parseBlockOrModuleBlockBody (C:\Users\jenny\app\shadow-wallet\node_modules\@babel\parser\lib\index.js:13333:61)
    at TypeScriptParserMixin.parseBlockBody (C:\Users\jenny\app\shadow-wallet\node_modules\@babel\parser\lib\index.js:13326:10)
    at TypeScriptParserMixin.parseBlock (C:\Users\jenny\app\shadow-wallet\node_modules\@babel\parser\lib\index.js:13314:10)
    at TypeScriptParserMixin.parseFunctionBody (C:\Users\jenny\app\shadow-wallet\node_modules\@babel\parser\lib\index.js:12117:24)
    at TypeScriptParserMixin.parseFunctionBodyAndFinish (C:\Users\jenny\app\shadow-wallet\node_modules\@babel\parser\lib\index.js:12103:10)
    at TypeScriptParserMixin.parseFunctionBodyAndFinish (C:\Users\jenny\app\shadow-wallet\node_modules\@babel\parser\lib\index.js:9189:18)
    at C:\Users\jenny\app\shadow-wallet\node_modules\@babel\parser\lib\index.js:13462:12
 ERROR  SyntaxError: C:\Users\jenny\app\shadow-wallet\src\screens\child\WalletScreen.tsx: Expected corresponding JSX closing tag for <ScrollView>. (421:16)

  419 |             </View>
  420 |           </View>
> 421 |                 </View>
      |                 ^
  422 |                 <View style={[styles.jarWrap, isCompactPhone && styles.jarWrapCompact]}>
  423 |                   <CoinJarIllustration size={heroJarSize} />
  424 |                 </View>
    at constructor (C:\Users\jenny\app\shadow-wallet\node_modules\@babel\parser\lib\index.js:365:19)
    at TypeScriptParserMixin.raise (C:\Users\jenny\app\shadow-wallet\node_modules\@babel\parser\lib\index.js:6616:19)
    at TypeScriptParserMixin.jsxParseElementAt (C:\Users\jenny\app\shadow-wallet\node_modules\@babel\parser\lib\index.js:4739:16)
    at TypeScriptParserMixin.jsxParseElementAt (C:\Users\jenny\app\shadow-wallet\node_modules\@babel\parser\lib\index.js:4710:32)
    at TypeScriptParserMixin.jsxParseElementAt (C:\Users\jenny\app\shadow-wallet\node_modules\@babel\parser\lib\index.js:4710:32)
    at TypeScriptParserMixin.jsxParseElement (C:\Users\jenny\app\shadow-wallet\node_modules\@babel\parser\lib\index.js:4761:17)
    at TypeScriptParserMixin.parseExprAtom (C:\Users\jenny\app\shadow-wallet\node_modules\@babel\parser\lib\index.js:4771:19)
    at TypeScriptParserMixin.parseExprSubscripts (C:\Users\jenny\app\shadow-wallet\node_modules\@babel\parser\lib\index.js:11098:23)
    at TypeScriptParserMixin.parseUpdate (C:\Users\jenny\app\shadow-wallet\node_modules\@babel\parser\lib\index.js:11083:21)
    at TypeScriptParserMixin.parseMaybeUnary (C:\Users\jenny\app\shadow-wallet\node_modules\@babel\parser\lib\index.js:11063:23)
    at TypeScriptParserMixin.parseMaybeUnary (C:\Users\jenny\app\shadow-wallet\node_modules\@babel\parser\lib\index.js:9854:18)
    at TypeScriptParserMixin.parseMaybeUnaryOrPrivate (C:\Users\jenny\app\shadow-wallet\node_modules\@babel\parser\lib\index.js:10916:61)
    at TypeScriptParserMixin.parseExprOps (C:\Users\jenny\app\shadow-wallet\node_modules\@babel\parser\lib\index.js:10921:23)
    at TypeScriptParserMixin.parseMaybeConditional (C:\Users\jenny\app\shadow-wallet\node_modules\@babel\parser\lib\index.js:10898:23)
    at TypeScriptParserMixin.parseMaybeAssign (C:\Users\jenny\app\shadow-wallet\node_modules\@babel\parser\lib\index.js:10848:21)
    at C:\Users\jenny\app\shadow-wallet\node_modules\@babel\parser\lib\index.js:9792:39
    at TypeScriptParserMixin.tryParse (C:\Users\jenny\app\shadow-wallet\node_modules\@babel\parser\lib\index.js:6924:20)
    at TypeScriptParserMixin.parseMaybeAssign (C:\Users\jenny\app\shadow-wallet\node_modules\@babel\parser\lib\index.js:9792:18)
    at C:\Users\jenny\app\shadow-wallet\node_modules\@babel\parser\lib\index.js:10817:39
    at TypeScriptParserMixin.allowInAnd (C:\Users\jenny\app\shadow-wallet\node_modules\@babel\parser\lib\index.js:12443:12)
    at TypeScriptParserMixin.parseMaybeAssignAllowIn (C:\Users\jenny\app\shadow-wallet\node_modules\@babel\parser\lib\index.js:10817:17)
    at TypeScriptParserMixin.parseMaybeAssignAllowInOrVoidPattern (C:\Users\jenny\app\shadow-wallet\node_modules\@babel\parser\lib\index.js:12510:17)
    at TypeScriptParserMixin.parseParenAndDistinguishExpression (C:\Users\jenny\app\shadow-wallet\node_modules\@babel\parser\lib\index.js:11692:28)
    at TypeScriptParserMixin.parseExprAtom (C:\Users\jenny\app\shadow-wallet\node_modules\@babel\parser\lib\index.js:11348:23)
    at TypeScriptParserMixin.parseExprAtom (C:\Users\jenny\app\shadow-wallet\node_modules\@babel\parser\lib\index.js:4776:20)
    at TypeScriptParserMixin.parseExprSubscripts (C:\Users\jenny\app\shadow-wallet\node_modules\@babel\parser\lib\index.js:11098:23)
    at TypeScriptParserMixin.parseUpdate (C:\Users\jenny\app\shadow-wallet\node_modules\@babel\parser\lib\index.js:11083:21)
    at TypeScriptParserMixin.parseMaybeUnary (C:\Users\jenny\app\shadow-wallet\node_modules\@babel\parser\lib\index.js:11063:23)
    at TypeScriptParserMixin.parseMaybeUnary (C:\Users\jenny\app\shadow-wallet\node_modules\@babel\parser\lib\index.js:9854:18)
    at TypeScriptParserMixin.parseMaybeUnaryOrPrivate (C:\Users\jenny\app\shadow-wallet\node_modules\@babel\parser\lib\index.js:10916:61)
    at TypeScriptParserMixin.parseExprOps (C:\Users\jenny\app\shadow-wallet\node_modules\@babel\parser\lib\index.js:10921:23)
    at TypeScriptParserMixin.parseMaybeConditional (C:\Users\jenny\app\shadow-wallet\node_modules\@babel\parser\lib\index.js:10898:23)
    at TypeScriptParserMixin.parseMaybeAssign (C:\Users\jenny\app\shadow-wallet\node_modules\@babel\parser\lib\index.js:10848:21)
    at TypeScriptParserMixin.parseMaybeAssign (C:\Users\jenny\app\shadow-wallet\node_modules\@babel\parser\lib\index.js:9803:20)
    at TypeScriptParserMixin.parseExpressionBase (C:\Users\jenny\app\shadow-wallet\node_modules\@babel\parser\lib\index.js:10801:23)
    at C:\Users\jenny\app\shadow-wallet\node_modules\@babel\parser\lib\index.js:10797:39
    at TypeScriptParserMixin.allowInAnd (C:\Users\jenny\app\shadow-wallet\node_modules\@babel\parser\lib\index.js:12438:16)
    at TypeScriptParserMixin.parseExpression (C:\Users\jenny\app\shadow-wallet\node_modules\@babel\parser\lib\index.js:10797:17)
    at TypeScriptParserMixin.parseReturnStatement (C:\Users\jenny\app\shadow-wallet\node_modules\@babel\parser\lib\index.js:13159:28)
    at TypeScriptParserMixin.parseStatementContent (C:\Users\jenny\app\shadow-wallet\node_modules\@babel\parser\lib\index.js:12815:21)
    at TypeScriptParserMixin.parseStatementContent (C:\Users\jenny\app\shadow-wallet\node_modules\@babel\parser\lib\index.js:9525:18)
    at TypeScriptParserMixin.parseStatementLike (C:\Users\jenny\app\shadow-wallet\node_modules\@babel\parser\lib\index.js:12784:17)
    at TypeScriptParserMixin.parseStatementListItem (C:\Users\jenny\app\shadow-wallet\node_modules\@babel\parser\lib\index.js:12764:17)
    at TypeScriptParserMixin.parseBlockOrModuleBlockBody (C:\Users\jenny\app\shadow-wallet\node_modules\@babel\parser\lib\index.js:13333:61)
    at TypeScriptParserMixin.parseBlockBody (C:\Users\jenny\app\shadow-wallet\node_modules\@babel\parser\lib\index.js:13326:10)
    at TypeScriptParserMixin.parseBlock (C:\Users\jenny\app\shadow-wallet\node_modules\@babel\parser\lib\index.js:13314:10)
    at TypeScriptParserMixin.parseFunctionBody (C:\Users\jenny\app\shadow-wallet\node_modules\@babel\parser\lib\index.js:12117:24)
    at TypeScriptParserMixin.parseFunctionBodyAndFinish (C:\Users\jenny\app\shadow-wallet\node_modules\@babel\parser\lib\index.js:12103:10)
    at TypeScriptParserMixin.parseFunctionBodyAndFinish (C:\Users\jenny\app\shadow-wallet\node_modules\@babel\parser\lib\index.js:9189:18)
    at C:\Users\jenny\app\shadow-wallet\node_modules\@babel\parser\lib\index.js:13462:12
 ERROR  SyntaxError: C:\Users\jenny\app\shadow-wallet\src\screens\child\WalletScreen.tsx: Expected corresponding JSX closing tag for <ScrollView>. (421:16)

  419 |             </View>
  420 |           </View>
> 421 |                 </View>
      |                 ^
  422 |                 <View style={[styles.jarWrap, isCompactPhone && styles.jarWrapCompact]}>
  423 |                   <CoinJarIllustration size={heroJarSize} />
  424 |                 </View>
    at constructor (C:\Users\jenny\app\shadow-wallet\node_modules\@babel\parser\lib\index.js:365:19)
    at TypeScriptParserMixin.raise (C:\Users\jenny\app\shadow-wallet\node_modules\@babel\parser\lib\index.js:6616:19)
    at TypeScriptParserMixin.jsxParseElementAt (C:\Users\jenny\app\shadow-wallet\node_modules\@babel\parser\lib\index.js:4739:16)
    at TypeScriptParserMixin.jsxParseElementAt (C:\Users\jenny\app\shadow-wallet\node_modules\@babel\parser\lib\index.js:4710:32)
    at TypeScriptParserMixin.jsxParseElementAt (C:\Users\jenny\app\shadow-wallet\node_modules\@babel\parser\lib\index.js:4710:32)
    at TypeScriptParserMixin.jsxParseElement (C:\Users\jenny\app\shadow-wallet\node_modules\@babel\parser\lib\index.js:4761:17)
    at TypeScriptParserMixin.parseExprAtom (C:\Users\jenny\app\shadow-wallet\node_modules\@babel\parser\lib\index.js:4771:19)
    at TypeScriptParserMixin.parseExprSubscripts (C:\Users\jenny\app\shadow-wallet\node_modules\@babel\parser\lib\index.js:11098:23)
    at TypeScriptParserMixin.parseUpdate (C:\Users\jenny\app\shadow-wallet\node_modules\@babel\parser\lib\index.js:11083:21)
    at TypeScriptParserMixin.parseMaybeUnary (C:\Users\jenny\app\shadow-wallet\node_modules\@babel\parser\lib\index.js:11063:23)
    at TypeScriptParserMixin.parseMaybeUnary (C:\Users\jenny\app\shadow-wallet\node_modules\@babel\parser\lib\index.js:9854:18)
    at TypeScriptParserMixin.parseMaybeUnaryOrPrivate (C:\Users\jenny\app\shadow-wallet\node_modules\@babel\parser\lib\index.js:10916:61)
    at TypeScriptParserMixin.parseExprOps (C:\Users\jenny\app\shadow-wallet\node_modules\@babel\parser\lib\index.js:10921:23)
    at TypeScriptParserMixin.parseMaybeConditional (C:\Users\jenny\app\shadow-wallet\node_modules\@babel\parser\lib\index.js:10898:23)
    at TypeScriptParserMixin.parseMaybeAssign (C:\Users\jenny\app\shadow-wallet\node_modules\@babel\parser\lib\index.js:10848:21)
    at C:\Users\jenny\app\shadow-wallet\node_modules\@babel\parser\lib\index.js:9792:39
    at TypeScriptParserMixin.tryParse (C:\Users\jenny\app\shadow-wallet\node_modules\@babel\parser\lib\index.js:6924:20)
    at TypeScriptParserMixin.parseMaybeAssign (C:\Users\jenny\app\shadow-wallet\node_modules\@babel\parser\lib\index.js:9792:18)
    at C:\Users\jenny\app\shadow-wallet\node_modules\@babel\parser\lib\index.js:10817:39
    at TypeScriptParserMixin.allowInAnd (C:\Users\jenny\app\shadow-wallet\node_modules\@babel\parser\lib\index.js:12443:12)
    at TypeScriptParserMixin.parseMaybeAssignAllowIn (C:\Users\jenny\app\shadow-wallet\node_modules\@babel\parser\lib\index.js:10817:17)
    at TypeScriptParserMixin.parseMaybeAssignAllowInOrVoidPattern (C:\Users\jenny\app\shadow-wallet\node_modules\@babel\parser\lib\index.js:12510:17)
    at TypeScriptParserMixin.parseParenAndDistinguishExpression (C:\Users\jenny\app\shadow-wallet\node_modules\@babel\parser\lib\index.js:11692:28)
    at TypeScriptParserMixin.parseExprAtom (C:\Users\jenny\app\shadow-wallet\node_modules\@babel\parser\lib\index.js:11348:23)
    at TypeScriptParserMixin.parseExprAtom (C:\Users\jenny\app\shadow-wallet\node_modules\@babel\parser\lib\index.js:4776:20)
    at TypeScriptParserMixin.parseExprSubscripts (C:\Users\jenny\app\shadow-wallet\node_modules\@babel\parser\lib\index.js:11098:23)
    at TypeScriptParserMixin.parseUpdate (C:\Users\jenny\app\shadow-wallet\node_modules\@babel\parser\lib\index.js:11083:21)
    at TypeScriptParserMixin.parseMaybeUnary (C:\Users\jenny\app\shadow-wallet\node_modules\@babel\parser\lib\index.js:11063:23)
    at TypeScriptParserMixin.parseMaybeUnary (C:\Users\jenny\app\shadow-wallet\node_modules\@babel\parser\lib\index.js:9854:18)
    at TypeScriptParserMixin.parseMaybeUnaryOrPrivate (C:\Users\jenny\app\shadow-wallet\node_modules\@babel\parser\lib\index.js:10916:61)
    at TypeScriptParserMixin.parseExprOps (C:\Users\jenny\app\shadow-wallet\node_modules\@babel\parser\lib\index.js:10921:23)
    at TypeScriptParserMixin.parseMaybeConditional (C:\Users\jenny\app\shadow-wallet\node_modules\@babel\parser\lib\index.js:10898:23)
    at TypeScriptParserMixin.parseMaybeAssign (C:\Users\jenny\app\shadow-wallet\node_modules\@babel\parser\lib\index.js:10848:21)
    at TypeScriptParserMixin.parseMaybeAssign (C:\Users\jenny\app\shadow-wallet\node_modules\@babel\parser\lib\index.js:9803:20)
    at TypeScriptParserMixin.parseExpressionBase (C:\Users\jenny\app\shadow-wallet\node_modules\@babel\parser\lib\index.js:10801:23)
    at C:\Users\jenny\app\shadow-wallet\node_modules\@babel\parser\lib\index.js:10797:39
    at TypeScriptParserMixin.allowInAnd (C:\Users\jenny\app\shadow-wallet\node_modules\@babel\parser\lib\index.js:12438:16)
    at TypeScriptParserMixin.parseExpression (C:\Users\jenny\app\shadow-wallet\node_modules\@babel\parser\lib\index.js:10797:17)
    at TypeScriptParserMixin.parseReturnStatement (C:\Users\jenny\app\shadow-wallet\node_modules\@babel\parser\lib\index.js:13159:28)
    at TypeScriptParserMixin.parseStatementContent (C:\Users\jenny\app\shadow-wallet\node_modules\@babel\parser\lib\index.js:12815:21)
    at TypeScriptParserMixin.parseStatementContent (C:\Users\jenny\app\shadow-wallet\node_modules\@babel\parser\lib\index.js:9525:18)
    at TypeScriptParserMixin.parseStatementLike (C:\Users\jenny\app\shadow-wallet\node_modules\@babel\parser\lib\index.js:12784:17)
    at TypeScriptParserMixin.parseStatementListItem (C:\Users\jenny\app\shadow-wallet\node_modules\@babel\parser\lib\index.js:12764:17)
    at TypeScriptParserMixin.parseBlockOrModuleBlockBody (C:\Users\jenny\app\shadow-wallet\node_modules\@babel\parser\lib\index.js:13333:61)
    at TypeScriptParserMixin.parseBlockBody (C:\Users\jenny\app\shadow-wallet\node_modules\@babel\parser\lib\index.js:13326:10)
    at TypeScriptParserMixin.parseBlock (C:\Users\jenny\app\shadow-wallet\node_modules\@babel\parser\lib\index.js:13314:10)
    at TypeScriptParserMixin.parseFunctionBody (C:\Users\jenny\app\shadow-wallet\node_modules\@babel\parser\lib\index.js:12117:24)
    at TypeScriptParserMixin.parseFunctionBodyAndFinish (C:\Users\jenny\app\shadow-wallet\node_modules\@babel\parser\lib\index.js:12103:10)
    at TypeScriptParserMixin.parseFunctionBodyAndFinish (C:\Users\jenny\app\shadow-wallet\node_modules\@babel\parser\lib\index.js:9189:18)
    at C:\Users\jenny\app\shadow-wallet\node_modules\@babel\parser\lib\index.js:13462:12
Web .\index.ts ░░░░░░░░░░░░░░░░  0.0% (0/1)
Web Bundled 113ms index.ts (1 module)
 LOG  [web] Logs will appear in the browser console
Web .\index.ts ░░░░░░░░░░░░░░░░  0.0% (0/1)
Web Bundled 117ms index.ts (1 module)
 LOG  [web] Logs will appear in the browser console
Web .\index.ts ░░░░░░░░░░░░░░░░  0.0% (0/1)
Web Bundled 121ms index.ts (1 module)
 LOG  [web] Logs will appear in the browser console
Web .\index.ts ░░░░░░░░░░░░░░░░  0.0% (0/1)
Web Bundled 129ms index.ts (1 module)
 LOG  [web] Logs will appear in the browser console
Unable to resolve "../../../assets/images/child/treehouse-night.png" from "src\screens\child\HomeScreen.tsx"
[0m [90m 423 |[39m                 {isNight [33m?[39m (
 [90m 424 |[39m                   [33m<[39m[33mImage[39m
[31m[1m>[22m[39m[90m 425 |[39m                     source[33m=[39m{require([32m'../../../assets/images/child/treehouse-night.png'[39m)}
 [90m     |[39m                                      [31m[1m^[22m[39m
 [90m 426 |[39m                     style[33m=[39m{styles[33m.[39mtreeHouseImg}
 [90m 427 |[39m                     resizeMode[33m=[39m[32m"contain"[39m
 [90m 428 |[39m                   [33m/[39m[33m>[39m[0m

Import stack:

 src\screens\child\HomeScreen.tsx
 | import "../../../assets/images/child/treehouse-night.png"

 
 | import "./src/screens/child/HomeScreen"

Unable to resolve "../../../assets/images/child/treehouse-night.png" from "src\screens\child\HomeScreen.tsx"
[0m [90m 423 |[39m                 {isNight [33m?[39m (
 [90m 424 |[39m                   [33m<[39m[33mImage[39m
[31m[1m>[22m[39m[90m 425 |[39m                     source[33m=[39m{require([32m'../../../assets/images/child/treehouse-night.png'[39m)}
 [90m     |[39m                                      [31m[1m^[22m[39m
 [90m 426 |[39m                     style[33m=[39m{styles[33m.[39mtreeHouseImg}
 [90m 427 |[39m                     resizeMode[33m=[39m[32m"contain"[39m
 [90m 428 |[39m                   [33m/[39m[33m>[39m[0m

Import stack:

 src\screens\child\HomeScreen.tsx
 | import "../../../assets/images/child/treehouse-night.png"

 
 | import "./src/screens/child/HomeScreen"

Web .\index.ts ░░░░░░░░░░░░░░░░  0.0% (0/1)
Web Bundling failed 34ms index.ts (1 module)
Unable to resolve "../../../assets/images/child/treehouse-night.png" from "src\screens\child\HomeScreen.tsx"
[0m [90m 423 |[39m                 {isNight [33m?[39m (
 [90m 424 |[39m                   [33m<[39m[33mImage[39m
[31m[1m>[22m[39m[90m 425 |[39m                     source[33m=[39m{require([32m'../../../assets/images/child/treehouse-night.png'[39m)}
 [90m     |[39m                                      [31m[1m^[22m[39m
 [90m 426 |[39m                     style[33m=[39m{styles[33m.[39mtreeHouseImg}
 [90m 427 |[39m                     resizeMode[33m=[39m[32m"contain"[39m
 [90m 428 |[39m                   [33m/[39m[33m>[39m[0m

Import stack:

 src\screens\child\HomeScreen.tsx
 | import "../../../assets/images/child/treehouse-night.png"

 
 | import "./src/screens/child/HomeScreen"

Web .\index.ts ░░░░░░░░░░░░░░░░  0.0% (0/1)
Web Bundled 135ms index.ts (1 module)
 LOG  [web] Logs will appear in the browser console
Web .\index.ts ░░░░░░░░░░░░░░░░  0.0% (0/1)
Web Bundled 124ms index.ts (1 module)
 LOG  [web] Logs will appear in the browser console
Web .\index.ts ░░░░░░░░░░░░░░░░  0.0% (0/1)
Web Bundled 115ms index.ts (1 module)
 LOG  [web] Logs will appear in the browser console
Unable to resolve "../../../assets/images/child/treehouse-night.png" from "src\screens\child\HomeScreen.tsx"
[0m [90m 423 |[39m                 {isNight [33m?[39m (
 [90m 424 |[39m                   [33m<[39m[33mImage[39m
[31m[1m>[22m[39m[90m 425 |[39m                     source[33m=[39m{require([32m'../../../assets/images/child/treehouse-night.png'[39m)}
 [90m     |[39m                                      [31m[1m^[22m[39m
 [90m 426 |[39m                     style[33m=[39m{styles[33m.[39mtreeHouseImg}
 [90m 427 |[39m                     resizeMode[33m=[39m[32m"contain"[39m
 [90m 428 |[39m                   [33m/[39m[33m>[39m[0m

Import stack:

 src\screens\child\HomeScreen.tsx
 | import "../../../assets/images/child/treehouse-night.png"

 
 | import "./src/screens/child/HomeScreen"

Web .\index.ts ░░░░░░░░░░░░░░░░  0.0% (0/1)
Web Bundled 134ms index.ts (1 module)
 LOG  [web] Logs will appear in the browser console
Web .\index.ts ░░░░░░░░░░░░░░░░  0.0% (0/1)
Web Bundled 133ms index.ts (1 module)
 LOG  [web] Logs will appear in the browser console
Web .\index.ts ░░░░░░░░░░░░░░░░  0.0% (0/1)
Web Bundled 132ms index.ts (1 module)
 LOG  [web] Logs will appear in the browser console
Web .\index.ts ░░░░░░░░░░░░░░░░  0.0% (0/1)
Web Bundled 132ms index.ts (1 module)
 LOG  [web] Logs will appear in the browser console
Web .\index.ts ░░░░░░░░░░░░░░░░  0.0% (0/1)
Web Bundled 131ms index.ts (1 module)
 LOG  [web] Logs will appear in the browser console
Web .\index.ts ░░░░░░░░░░░░░░░░  0.0% (0/1)
Web Bundled 122ms index.ts (1 module)
 LOG  [web] Logs will appear in the browser console
Web .\index.ts ░░░░░░░░░░░░░░░░  0.0% (0/1)
Web Bundled 118ms index.ts (1 module)
 LOG  [web] Logs will appear in the browser console
Web .\index.ts ░░░░░░░░░░░░░░░░  0.0% (0/1)
Web Bundled 119ms index.ts (1 module)
 LOG  [web] Logs will appear in the browser console
Web .\index.ts ░░░░░░░░░░░░░░░░  0.0% (0/1)
Web Bundled 114ms index.ts (1 module)
 LOG  [web] Logs will appear in the browser console
Web .\index.ts ░░░░░░░░░░░░░░░░  0.0% (0/1)
Web Bundled 157ms index.ts (1 module)
 LOG  [web] Logs will appear in the browser console
Web .\index.ts ░░░░░░░░░░░░░░░░  0.0% (0/1)
Web Bundled 142ms index.ts (1 module)
 LOG  [web] Logs will appear in the browser console
Web .\index.ts ░░░░░░░░░░░░░░░░  0.0% (0/1)
Web Bundled 143ms index.ts (1 module)
 LOG  [web] Logs will appear in the browser console
Unable to resolve "./src/screens/child/LongTermDetailScreen" from "App.tsx"
[0m [90m 22 |[39m [36mimport[39m [33mTaskSelectionScreen[39m [36mfrom[39m [32m'./src/screens/onboarding/TaskSelectionScreen'[39m[33m;[39m
 [90m 23 |[39m [36mimport[39m [33mOverviewScreen[39m [36mfrom[39m [32m'./src/screens/onboarding/OverviewScreen'[39m[33m;[39m
[31m[1m>[22m[39m[90m 24 |[39m [36mimport[39m [33mLongTermDetailScreen[39m [36mfrom[39m [32m'./src/screens/child/LongTermDetailScreen'[39m[33m;[39m
 [90m    |[39m                                   [31m[1m^[22m[39m
 [90m 25 |[39m [36mimport[39m [33mProfileScreen[39m [36mfrom[39m [32m'./src/screens/child/ProfileScreen'[39m[33m;[39m
 [90m 26 |[39m [36mimport[39m [33mWalletScreen[39m [36mfrom[39m [32m'./src/screens/child/WalletScreen'[39m[33m;[39m
 [90m 27 |[39m [36mimport[39m [33mWishScreen[39m [36mfrom[39m [32m'./src/screens/child/WishScreen'[39m[33m;[39m[0m

Import stack:

 App.tsx
 | import "./src/screens/child/LongTermDetailScreen"

 index.ts
 | import "./App"

 
 | import "./index.ts"

Web .\index.ts ░░░░░░░░░░░░░░░░  0.0% (0/1)
Web Bundled 118ms index.ts (1 module)
 LOG  [web] Logs will appear in the browser console
Web .\index.ts ░░░░░░░░░░░░░░░░  0.0% (0/1)
Web Bundled 131ms index.ts (1 module)
 LOG  [web] Logs will appear in the browser console
